-- MySQL dump 10.13  Distrib 8.0.13, for Linux (x86_64)
--
-- Host: localhost    Database: Choice_Perfect
-- ------------------------------------------------------
-- Server version	8.0.13

/*!40101 SET @OLD_CHARACTER_SET_CLIENT=@@CHARACTER_SET_CLIENT */;
/*!40101 SET @OLD_CHARACTER_SET_RESULTS=@@CHARACTER_SET_RESULTS */;
/*!40101 SET @OLD_COLLATION_CONNECTION=@@COLLATION_CONNECTION */;
 SET NAMES utf8mb4 ;
/*!40103 SET @OLD_TIME_ZONE=@@TIME_ZONE */;
/*!40103 SET TIME_ZONE='+00:00' */;
/*!40014 SET @OLD_UNIQUE_CHECKS=@@UNIQUE_CHECKS, UNIQUE_CHECKS=0 */;
/*!40014 SET @OLD_FOREIGN_KEY_CHECKS=@@FOREIGN_KEY_CHECKS, FOREIGN_KEY_CHECKS=0 */;
/*!40101 SET @OLD_SQL_MODE=@@SQL_MODE, SQL_MODE='NO_AUTO_VALUE_ON_ZERO' */;
/*!40111 SET @OLD_SQL_NOTES=@@SQL_NOTES, SQL_NOTES=0 */;

--
-- Table structure for table `avatar_history`
--

DROP TABLE IF EXISTS `avatar_history`;
/*!40101 SET @saved_cs_client     = @@character_set_client */;
 SET character_set_client = utf8mb4 ;
CREATE TABLE `avatar_history` (
  `mid` int(11) NOT NULL,
  `avatar` varchar(50) NOT NULL,
  `creaTime` datetime NOT NULL DEFAULT CURRENT_TIMESTAMP
) ENGINE=InnoDB DEFAULT CHARSET=utf8;
/*!40101 SET character_set_client = @saved_cs_client */;

--
-- Dumping data for table `avatar_history`
--

LOCK TABLES `avatar_history` WRITE;
/*!40000 ALTER TABLE `avatar_history` DISABLE KEYS */;
INSERT INTO `avatar_history` VALUES (1,'jkhjlhj','2018-12-23 00:00:00');
/*!40000 ALTER TABLE `avatar_history` ENABLE KEYS */;
UNLOCK TABLES;

--
-- Table structure for table `member_sms`
--

DROP TABLE IF EXISTS `member_sms`;
/*!40101 SET @saved_cs_client     = @@character_set_client */;
 SET character_set_client = utf8mb4 ;
CREATE TABLE `member_sms` (
  `_id` int(11) NOT NULL AUTO_INCREMENT,
  `phone` varchar(13) NOT NULL,
  `smsCode` varchar(40) DEFAULT NULL,
  `creaTime` datetime NOT NULL DEFAULT CURRENT_TIMESTAMP,
  PRIMARY KEY (`_id`)
) ENGINE=InnoDB AUTO_INCREMENT=17 DEFAULT CHARSET=utf8;
/*!40101 SET character_set_client = @saved_cs_client */;

--
-- Dumping data for table `member_sms`
--

LOCK TABLES `member_sms` WRITE;
/*!40000 ALTER TABLE `member_sms` DISABLE KEYS */;
INSERT INTO `member_sms` VALUES (1,'13811111111','8a8fef135aea3cbacbdc051d210e0f33','2019-01-12 20:28:10'),(2,'13811111111','8fdc836bbe6c2bf7b2d75573e6630c97','2019-01-12 20:29:08'),(3,'13811111111','f10d0cf549384d50603dd3dceb7bbafe','2019-01-12 20:29:17'),(4,'17888888888','87693ff96a0d3c41999cb2d4088ace9e','2019-01-18 17:34:05'),(5,'17888888888','b46adfe591c842faa94ce8ba0c3a0d9e','2019-01-18 17:34:41'),(6,'17882451908','9d4bbe8002e725c6aec243aada2ea2f8','2019-01-21 22:16:08'),(7,'13811111111','1f033c74b456ef30a7533baac53591e1','2019-01-21 22:34:31'),(8,'13811111111','75673a46671a3d58c93b3fc4338266c6','2019-01-21 22:35:33'),(9,'13811111111','9cb3e98256eb52b751d172964bcb6af4','2019-01-21 22:44:18'),(10,'19950229346','bceb474f1a2ec936e30d17b6e0f8b9bb','2019-01-22 10:00:35'),(11,'13811111111','8ec7ff3232cbcf4ccc161f5bc65db064','2019-01-27 13:43:09'),(12,'13811111111','ffe85a6ad50b5879994c860ba7d873f2','2019-01-27 13:44:53'),(13,'17882451908','22e86aab1bb3c91fd367f2b3e4becf25','2019-02-14 10:58:21'),(14,'17882451908','ac323c960271d23d91658e297f2f535b','2019-02-14 11:16:57'),(15,'17882451908','547acadd9833bb273f01865e06a79043','2019-02-14 11:18:17'),(16,'17882451908','8a707d6c0ad0b77e59cd5b95977742cd','2019-02-14 15:04:45');
/*!40000 ALTER TABLE `member_sms` ENABLE KEYS */;
UNLOCK TABLES;

--
-- Table structure for table `name_history`
--

DROP TABLE IF EXISTS `name_history`;
/*!40101 SET @saved_cs_client     = @@character_set_client */;
 SET character_set_client = utf8mb4 ;
CREATE TABLE `name_history` (
  `mid` int(11) NOT NULL,
  `nickname` varchar(20) NOT NULL,
  `creaTime` datetime NOT NULL DEFAULT CURRENT_TIMESTAMP
) ENGINE=InnoDB DEFAULT CHARSET=utf8;
/*!40101 SET character_set_client = @saved_cs_client */;

--
-- Dumping data for table `name_history`
--

LOCK TABLES `name_history` WRITE;
/*!40000 ALTER TABLE `name_history` DISABLE KEYS */;
/*!40000 ALTER TABLE `name_history` ENABLE KEYS */;
UNLOCK TABLES;

--
-- Table structure for table `phone_history`
--

DROP TABLE IF EXISTS `phone_history`;
/*!40101 SET @saved_cs_client     = @@character_set_client */;
 SET character_set_client = utf8mb4 ;
CREATE TABLE `phone_history` (
  `mid` int(11) NOT NULL,
  `phone` varchar(13) NOT NULL,
  `creaTime` datetime NOT NULL DEFAULT CURRENT_TIMESTAMP
) ENGINE=InnoDB DEFAULT CHARSET=utf8;
/*!40101 SET character_set_client = @saved_cs_client */;

--
-- Dumping data for table `phone_history`
--

LOCK TABLES `phone_history` WRITE;
/*!40000 ALTER TABLE `phone_history` DISABLE KEYS */;
/*!40000 ALTER TABLE `phone_history` ENABLE KEYS */;
UNLOCK TABLES;

--
-- Table structure for table `tb_SpecName`
--

DROP TABLE IF EXISTS `tb_SpecName`;
/*!40101 SET @saved_cs_client     = @@character_set_client */;
 SET character_set_client = utf8mb4 ;
CREATE TABLE `tb_SpecName` (
  `_id` int(11) NOT NULL AUTO_INCREMENT,
  `specName` varchar(50) NOT NULL,
  `goodId` int(11) NOT NULL,
  `indexx` tinyint(4) NOT NULL,
  `creaTime` datetime NOT NULL DEFAULT CURRENT_TIMESTAMP,
  PRIMARY KEY (`_id`)
) ENGINE=InnoDB AUTO_INCREMENT=7 DEFAULT CHARSET=utf8mb4 COLLATE=utf8mb4_0900_ai_ci;
/*!40101 SET character_set_client = @saved_cs_client */;

--
-- Dumping data for table `tb_SpecName`
--

LOCK TABLES `tb_SpecName` WRITE;
/*!40000 ALTER TABLE `tb_SpecName` DISABLE KEYS */;
INSERT INTO `tb_SpecName` VALUES (1,'颜色分类',7,1,'2019-02-15 21:33:36'),(2,'套餐类型',7,2,'2019-02-15 21:33:36'),(3,'颜色分类',9,1,'2019-02-15 23:10:08'),(4,'套餐类型',9,2,'2019-02-15 23:10:08'),(5,'颜色分类',8,1,'2019-02-15 23:11:00'),(6,'套餐类型',8,2,'2019-02-15 23:11:00');
/*!40000 ALTER TABLE `tb_SpecName` ENABLE KEYS */;
UNLOCK TABLES;

--
-- Table structure for table `tb_SpecValue`
--

DROP TABLE IF EXISTS `tb_SpecValue`;
/*!40101 SET @saved_cs_client     = @@character_set_client */;
 SET character_set_client = utf8mb4 ;
CREATE TABLE `tb_SpecValue` (
  `_id` int(11) NOT NULL AUTO_INCREMENT,
  `goodId` int(11) NOT NULL,
  `specNameIndex` tinyint(4) NOT NULL,
  `indexx` tinyint(4) NOT NULL,
  `specValue` varchar(200) CHARACTER SET utf8mb4 COLLATE utf8mb4_0900_ai_ci NOT NULL,
  `creaTime` datetime NOT NULL DEFAULT CURRENT_TIMESTAMP,
  PRIMARY KEY (`_id`)
) ENGINE=InnoDB AUTO_INCREMENT=21 DEFAULT CHARSET=utf8mb4 COLLATE=utf8mb4_0900_ai_ci;
/*!40101 SET character_set_client = @saved_cs_client */;

--
-- Dumping data for table `tb_SpecValue`
--

LOCK TABLES `tb_SpecValue` WRITE;
/*!40000 ALTER TABLE `tb_SpecValue` DISABLE KEYS */;
INSERT INTO `tb_SpecValue` VALUES (1,7,1,1,'G7尊贵黑','2019-02-15 21:41:46'),(2,7,1,2,'G7尊贵白','2019-02-15 21:41:46'),(3,7,2,3,'标配版三:i7-8750H 8GB 128G PCIE固态+1T RTX2060 6G独显','2019-02-15 21:41:46'),(4,7,2,4,'定制版三:i7-8750H 16G 256G PCIE固态+1T RTX2060 6G独显','2019-02-15 21:41:46'),(5,7,2,5,'定制版四:i7-8750H 16G 512G PCIE固态+1T RTX2060 6G独显','2019-02-15 21:41:46'),(10,8,1,1,'黑色','2019-02-15 22:38:38'),(11,8,2,2,'GX10-CR9 Plus：i9-9900K/RTX2080/2TB+512G SSD/16G/72%色域144Hz IPS高清屏','2019-02-15 22:38:38'),(12,8,2,3,'GX10-CR7 PRO：i7-9700K/RTX2080/2TB+512G SSD/16G/72%色域144Hz IPS高清屏','2019-02-15 22:38:38'),(13,8,2,4,'GX9-CR5S1：i5-8400/RTX2070/512G SSD/8G/94%色域120Hz电竞屏','2019-02-15 22:38:38'),(14,9,1,1,'银色','2019-02-15 23:16:46'),(15,9,2,2,'官方标配:i5-8250U 8GB内存 256G固态硬盘 XPS13','2019-02-15 23:16:46'),(16,9,2,3,'升级版一:i5-8250U 8GB内存 512G固态硬盘 XPS13','2019-02-15 23:16:46'),(17,9,2,4,'标配版一:i7-8550U 8GB内存 256G固态硬盘 XPS13','2019-02-15 23:16:46'),(18,9,2,5,'标配版二:i7-8550U 16G内存 512G固态硬盘 XPS13','2019-02-15 23:16:46'),(19,9,2,6,'定制版一:i5-8300H 16G内存 128G固态+1T GTX1050-4G','2019-02-15 23:16:46'),(20,9,2,7,'定制版二:i5-8300H 16G内存 256G固态+1T GTX1050-4G','2019-02-15 23:16:46');
/*!40000 ALTER TABLE `tb_SpecValue` ENABLE KEYS */;
UNLOCK TABLES;

--
-- Table structure for table `tb_address`
--

DROP TABLE IF EXISTS `tb_address`;
/*!40101 SET @saved_cs_client     = @@character_set_client */;
 SET character_set_client = utf8mb4 ;
CREATE TABLE `tb_address` (
  `_id` int(11) NOT NULL AUTO_INCREMENT,
  `mid` int(11) NOT NULL,
  `receiveName` varchar(20) NOT NULL,
  `address` varchar(100) NOT NULL,
  `phone` varchar(13) NOT NULL,
  `creaTime` datetime NOT NULL DEFAULT CURRENT_TIMESTAMP,
  PRIMARY KEY (`_id`)
) ENGINE=InnoDB DEFAULT CHARSET=utf8;
/*!40101 SET character_set_client = @saved_cs_client */;

--
-- Dumping data for table `tb_address`
--

LOCK TABLES `tb_address` WRITE;
/*!40000 ALTER TABLE `tb_address` DISABLE KEYS */;
/*!40000 ALTER TABLE `tb_address` ENABLE KEYS */;
UNLOCK TABLES;

--
-- Table structure for table `tb_affiche`
--

DROP TABLE IF EXISTS `tb_affiche`;
/*!40101 SET @saved_cs_client     = @@character_set_client */;
 SET character_set_client = utf8mb4 ;
CREATE TABLE `tb_affiche` (
  `_id` int(11) NOT NULL AUTO_INCREMENT,
  `title` varchar(50) NOT NULL,
  `content` mediumtext NOT NULL,
  `issueTime` datetime DEFAULT NULL,
  `creaTime` datetime NOT NULL DEFAULT CURRENT_TIMESTAMP,
  PRIMARY KEY (`_id`)
) ENGINE=InnoDB DEFAULT CHARSET=utf8;
/*!40101 SET character_set_client = @saved_cs_client */;

--
-- Dumping data for table `tb_affiche`
--

LOCK TABLES `tb_affiche` WRITE;
/*!40000 ALTER TABLE `tb_affiche` DISABLE KEYS */;
/*!40000 ALTER TABLE `tb_affiche` ENABLE KEYS */;
UNLOCK TABLES;

--
-- Table structure for table `tb_bigType`
--

DROP TABLE IF EXISTS `tb_bigType`;
/*!40101 SET @saved_cs_client     = @@character_set_client */;
 SET character_set_client = utf8mb4 ;
CREATE TABLE `tb_bigType` (
  `_id` int(11) NOT NULL AUTO_INCREMENT,
  `bigName` varchar(50) NOT NULL,
  `creaTime` datetime NOT NULL DEFAULT CURRENT_TIMESTAMP,
  PRIMARY KEY (`_id`),
  UNIQUE KEY `bigName` (`bigName`)
) ENGINE=InnoDB AUTO_INCREMENT=17 DEFAULT CHARSET=utf8;
/*!40101 SET character_set_client = @saved_cs_client */;

--
-- Dumping data for table `tb_bigType`
--

LOCK TABLES `tb_bigType` WRITE;
/*!40000 ALTER TABLE `tb_bigType` DISABLE KEYS */;
INSERT INTO `tb_bigType` VALUES (1,'女装 /内衣','2019-01-12 17:31:27'),(2,'男装 /运动户外','2019-01-12 17:31:27'),(3,'女鞋 /男鞋 /箱包','2019-01-12 17:39:03'),(4,'美妆 /个人护理','2019-01-12 17:39:03'),(5,'腕表 /眼镜 /珠宝饰品','2019-01-12 17:39:03'),(6,'手机 /数码 /电脑办公','2019-01-12 17:39:03'),(7,'母婴玩具','2019-01-12 17:39:03'),(8,'零食 /茶酒 /进口食品','2019-01-12 17:39:03'),(9,'生鲜水果','2019-01-12 17:39:03'),(10,'大家电 /生活电器','2019-01-12 17:39:03'),(11,'家具建材','2019-01-12 17:39:03'),(12,'汽车 /配件 /用品','2019-01-12 17:39:03'),(13,'家纺 /家饰 /鲜花','2019-01-12 17:39:03'),(14,'医药保健','2019-01-12 17:39:03'),(15,'厨具 /收纳 /宠物','2019-01-12 17:39:03'),(16,'图书音像','2019-01-12 17:39:03');
/*!40000 ALTER TABLE `tb_bigType` ENABLE KEYS */;
UNLOCK TABLES;

--
-- Table structure for table `tb_chat`
--

DROP TABLE IF EXISTS `tb_chat`;
/*!40101 SET @saved_cs_client     = @@character_set_client */;
 SET character_set_client = utf8mb4 ;
CREATE TABLE `tb_chat` (
  `_id` int(11) NOT NULL AUTO_INCREMENT,
  `sender` int(11) NOT NULL,
  `receiver` int(11) NOT NULL,
  `content` mediumtext NOT NULL,
  `isRead` bit(1) NOT NULL DEFAULT b'0',
  `creaTime` datetime DEFAULT CURRENT_TIMESTAMP,
  PRIMARY KEY (`_id`)
) ENGINE=InnoDB DEFAULT CHARSET=utf8;
/*!40101 SET character_set_client = @saved_cs_client */;

--
-- Dumping data for table `tb_chat`
--

LOCK TABLES `tb_chat` WRITE;
/*!40000 ALTER TABLE `tb_chat` DISABLE KEYS */;
/*!40000 ALTER TABLE `tb_chat` ENABLE KEYS */;
UNLOCK TABLES;

--
-- Table structure for table `tb_comments`
--

DROP TABLE IF EXISTS `tb_comments`;
/*!40101 SET @saved_cs_client     = @@character_set_client */;
 SET character_set_client = utf8mb4 ;
CREATE TABLE `tb_comments` (
  `_id` int(11) NOT NULL AUTO_INCREMENT,
  `goodId` int(11) NOT NULL,
  `mid` int(11) NOT NULL,
  `content` varchar(200) NOT NULL,
  `creaTime` datetime NOT NULL DEFAULT CURRENT_TIMESTAMP,
  PRIMARY KEY (`_id`)
) ENGINE=InnoDB DEFAULT CHARSET=utf8;
/*!40101 SET character_set_client = @saved_cs_client */;

--
-- Dumping data for table `tb_comments`
--

LOCK TABLES `tb_comments` WRITE;
/*!40000 ALTER TABLE `tb_comments` DISABLE KEYS */;
/*!40000 ALTER TABLE `tb_comments` ENABLE KEYS */;
UNLOCK TABLES;

--
-- Table structure for table `tb_detailType`
--

DROP TABLE IF EXISTS `tb_detailType`;
/*!40101 SET @saved_cs_client     = @@character_set_client */;
 SET character_set_client = utf8mb4 ;
CREATE TABLE `tb_detailType` (
  `_id` int(11) NOT NULL AUTO_INCREMENT,
  `smaillId` int(11) NOT NULL,
  `detailName` varchar(50) NOT NULL,
  `creaTime` datetime NOT NULL DEFAULT CURRENT_TIMESTAMP,
  PRIMARY KEY (`_id`)
) ENGINE=InnoDB AUTO_INCREMENT=1140 DEFAULT CHARSET=utf8;
/*!40101 SET character_set_client = @saved_cs_client */;

--
-- Dumping data for table `tb_detailType`
--

LOCK TABLES `tb_detailType` WRITE;
/*!40000 ALTER TABLE `tb_detailType` DISABLE KEYS */;
INSERT INTO `tb_detailType` VALUES (1,1,'女装新品','2019-01-12 18:06:16'),(2,1,'商场同款','2019-01-12 18:06:16'),(3,1,'仙女连衣裙','2019-01-12 18:06:16'),(4,1,'T恤','2019-01-12 18:06:16'),(5,1,'衬衫','2019-01-12 18:06:16'),(6,1,'时髦外套','2019-01-12 18:06:16'),(7,1,'休闲裤','2019-01-12 18:06:16'),(8,1,'牛仔裤','2019-01-12 18:06:16'),(9,1,'无痕文胸','2019-01-12 18:06:16'),(10,1,'运动文胸','2019-01-12 18:06:16'),(11,1,'潮流家居服','2019-01-12 18:06:16'),(12,1,'百搭船袜','2019-01-12 18:06:16'),(13,3,'毛呢外套','2019-01-12 18:06:16'),(14,3,'羽绒服','2019-01-12 18:06:16'),(15,3,'棉服','2019-01-12 18:06:16'),(16,3,'丝绒卫衣','2019-01-12 18:06:16'),(17,3,'毛针织衫','2019-01-12 18:06:16'),(18,3,'皮毛一体','2019-01-12 18:06:16'),(19,3,'皮草','2019-01-12 18:06:16'),(20,3,'毛衣','2019-01-12 18:06:16'),(21,3,'衬衫','2019-01-12 18:06:16'),(22,3,'卫衣','2019-01-12 18:06:16'),(23,3,'针织衫','2019-01-12 18:06:16'),(24,3,'T恤','2019-01-12 18:06:16'),(25,3,'短外套','2019-01-12 18:06:16'),(26,3,'小西装','2019-01-12 18:06:16'),(27,3,'风衣','2019-01-12 18:06:16'),(28,6,'连衣裙','2019-01-12 18:06:16'),(29,6,'A字裙','2019-01-12 18:06:16'),(30,6,'荷叶边裙','2019-01-12 18:06:16'),(31,6,'大摆裙','2019-01-12 18:06:16'),(32,6,'包臀裙','2019-01-12 18:06:16'),(33,6,'百褶裙','2019-01-12 18:06:16'),(34,6,'长袖连衣裙','2019-01-12 18:06:16'),(35,6,'棉麻连衣裙','2019-01-12 18:06:16'),(36,6,'牛仔裙','2019-01-12 18:06:16'),(37,6,'蕾丝连衣裙','2019-01-12 18:06:16'),(38,6,'真丝连衣裙','2019-01-12 18:06:16'),(39,6,'印花连衣裙','2019-01-12 18:06:16'),(40,7,'休闲裤','2019-01-12 18:06:16'),(41,7,'阔腿裤','2019-01-12 18:06:16'),(42,7,'牛仔裤','2019-01-12 18:06:16'),(43,7,'打底裤','2019-01-12 18:06:16'),(44,7,'开叉运动裤','2019-01-12 18:06:16'),(45,7,'哈伦裤','2019-01-12 18:06:16'),(46,7,'背带裤','2019-01-12 18:06:16'),(47,7,'小脚裤','2019-01-12 18:06:16'),(48,7,'西装裤','2019-01-12 18:06:16'),(49,7,'短裤','2019-01-12 18:06:16'),(50,8,'时尚套装','2019-01-12 18:06:16'),(51,8,'休闲套装','2019-01-12 18:06:16'),(52,8,'日系女装','2019-01-12 18:06:16'),(53,8,'精选妈妈装','2019-01-12 18:06:16'),(54,8,'大码女装','2019-01-12 18:06:16'),(55,8,'职业套装','2019-01-12 18:06:16'),(56,8,'优雅旗袍','2019-01-12 18:06:16'),(57,8,'精致礼服','2019-01-12 18:06:16'),(58,8,'婚纱','2019-01-12 18:06:16'),(59,8,'唐装','2019-01-12 18:06:16'),(60,8,'小码女装','2019-01-12 18:06:16'),(61,9,'光面文胸','2019-01-12 18:06:16'),(62,9,'运动文胸','2019-01-12 18:06:16'),(63,9,'美背文胸','2019-01-12 18:06:16'),(64,9,'聚拢文胸','2019-01-12 18:06:16'),(65,9,'大杯文胸','2019-01-12 18:06:16'),(66,9,'轻薄塑身','2019-01-12 18:06:16'),(67,10,'春夏家居服','2019-01-12 18:06:16'),(68,10,'纯棉家居服','2019-01-12 18:06:16'),(69,10,'莫代尔家居服','2019-01-12 18:06:16'),(70,10,'真丝家居服','2019-01-12 18:06:16'),(71,10,'春夏睡裙','2019-01-12 18:06:16'),(72,10,'男士家居服','2019-01-12 18:06:16'),(73,10,'情侣家居服','2019-01-12 18:06:16'),(74,10,'性感睡裙','2019-01-12 18:06:16'),(75,11,'双11男装会场','2019-01-12 18:07:35'),(76,11,'当季新品','2019-01-12 18:07:35'),(77,11,'商场同款','2019-01-12 18:07:35'),(78,11,'保暖棉服','2019-01-12 18:07:35'),(79,11,'潮流卫衣','2019-01-12 18:07:35'),(80,11,'修身夹克','2019-01-12 18:07:35'),(81,11,'棉麻面料','2019-01-12 18:07:35'),(82,11,'牛仔衬衫','2019-01-12 18:07:35'),(83,11,'温暖的针织衫','2019-01-12 18:07:35'),(84,11,'修身西服','2019-01-12 18:07:35'),(85,11,'秋冬风衣','2019-01-12 18:07:35'),(86,11,'印花T恤','2019-01-12 18:07:35'),(87,11,'束脚裤','2019-01-12 18:07:35'),(88,11,'九分裤','2019-01-12 18:07:35'),(89,11,'破洞牛仔裤','2019-01-12 18:07:35'),(90,11,'跑步鞋','2019-01-12 18:07:35'),(91,11,'休闲鞋','2019-01-12 18:07:35'),(92,11,'篮球鞋','2019-01-12 18:07:35'),(93,11,'自行车','2019-01-12 18:07:35'),(94,11,'平衡车','2019-01-12 18:07:35'),(95,11,'帆布鞋','2019-01-12 18:07:35'),(96,11,'运动套装','2019-01-12 18:07:35'),(97,11,'运动卫衣','2019-01-12 18:07:35'),(98,11,'鱼竿冲锋衣','2019-01-12 18:07:35'),(99,11,'跑步机','2019-01-12 18:07:35'),(100,11,'电动车','2019-01-12 18:07:35'),(101,12,'短袖','2019-01-12 18:07:35'),(102,12,'t恤','2019-01-12 18:07:35'),(103,12,'运动裤','2019-01-12 18:07:35'),(104,12,'运动内衣','2019-01-12 18:07:35'),(105,12,'速干t恤','2019-01-12 18:07:35'),(106,12,'运动Polo','2019-01-12 18:07:35'),(107,12,'运动卫衣','2019-01-12 18:07:35'),(108,12,'运动套装','2019-01-12 18:07:35'),(109,12,'运动短裤','2019-01-12 18:07:35'),(110,12,'健身服','2019-01-12 18:07:35'),(111,12,'运动茄克','2019-01-12 18:07:35'),(112,13,'钓竿','2019-01-12 18:07:35'),(113,13,'双肩背包','2019-01-12 18:07:35'),(114,13,'防晒衣','2019-01-12 18:07:35'),(115,13,'户外包','2019-01-12 18:07:35'),(116,13,'帐篷','2019-01-12 18:07:35'),(117,13,'手电筒','2019-01-12 18:07:35'),(118,13,'刀具','2019-01-12 18:07:35'),(119,14,'跑步机','2019-01-12 18:07:35'),(120,14,'瑜伽垫','2019-01-12 18:07:35'),(121,14,'泳衣','2019-01-12 18:07:35'),(122,14,'瑜伽服','2019-01-12 18:07:35'),(123,14,'羽毛球拍','2019-01-12 18:07:35'),(124,14,'自行车','2019-01-12 18:07:35'),(125,14,'电动车','2019-01-12 18:07:35'),(126,14,'篮球','2019-01-12 18:07:35'),(127,14,'足球','2019-01-12 18:07:35'),(128,14,'运动护具','2019-01-12 18:07:35'),(129,14,'健身器械','2019-01-12 18:07:35'),(130,14,'网球拍','2019-01-12 18:07:35'),(131,15,'自行车','2019-01-12 18:07:35'),(132,15,'山地车','2019-01-12 18:07:35'),(133,15,'折叠车','2019-01-12 18:07:35'),(134,15,'平衡车','2019-01-12 18:07:35'),(135,15,'公路车','2019-01-12 18:07:35'),(136,15,'骑行服','2019-01-12 18:07:35'),(137,15,'死飞','2019-01-12 18:07:35'),(138,15,'头盔','2019-01-12 18:07:35'),(139,15,'自行车锁','2019-01-12 18:07:35'),(140,15,'自行车灯','2019-01-12 18:07:35'),(141,15,'骑行眼镜','2019-01-12 18:07:35'),(142,15,'电动车','2019-01-12 18:07:35'),(143,21,'潮流过膝靴','2019-01-12 18:15:53'),(144,21,'气质百搭踝靴','2019-01-12 18:15:53'),(145,21,'永远的帆布鞋','2019-01-12 18:15:53'),(146,21,'流行松糕底','2019-01-12 18:15:53'),(147,21,'英伦牛津鞋','2019-01-12 18:15:53'),(148,22,'商场同款','2019-01-12 18:15:53'),(149,22,'休闲鞋','2019-01-12 18:15:53'),(150,22,'正装皮鞋','2019-01-12 18:15:53'),(151,22,'休闲皮鞋','2019-01-12 18:15:53'),(152,22,'板鞋','2019-01-12 18:15:53'),(153,22,'户外休闲','2019-01-12 18:15:53'),(154,22,'帆布鞋','2019-01-12 18:15:53'),(155,22,'运动休闲','2019-01-12 18:15:53'),(156,22,'乐福鞋','2019-01-12 18:15:53'),(157,22,'豆豆鞋','2019-01-12 18:15:53'),(158,22,'布洛克帆船','2019-01-12 18:15:53'),(159,22,'鞋布鞋','2019-01-12 18:15:53'),(160,23,'单鞋','2019-01-12 18:15:53'),(161,23,'小白鞋','2019-01-12 18:15:53'),(162,23,'商场同款','2019-01-12 18:15:53'),(163,23,'帆布鞋','2019-01-12 18:15:53'),(164,23,'深口单鞋','2019-01-12 18:15:53'),(165,23,'浅口单鞋','2019-01-12 18:15:53'),(166,23,'平底单鞋','2019-01-12 18:15:53'),(167,23,'高跟单鞋','2019-01-12 18:15:53'),(168,23,'坡跟单鞋','2019-01-12 18:15:53'),(169,23,'豆豆鞋','2019-01-12 18:15:53'),(170,23,'乐福鞋','2019-01-12 18:15:53'),(171,23,'牛津鞋','2019-01-12 18:15:53'),(172,24,'妈妈鞋','2019-01-12 18:15:53'),(173,24,'大码女鞋','2019-01-12 18:15:53'),(174,24,'小码女鞋','2019-01-12 18:15:53'),(175,24,'女内增高','2019-01-12 18:15:53'),(176,24,'男内增高','2019-01-12 18:15:53'),(177,24,'软轻风','2019-01-12 18:15:53'),(178,24,'爸爸鞋','2019-01-12 18:15:53'),(179,24,'大码男鞋','2019-01-12 18:15:53'),(180,24,'小码男鞋','2019-01-12 18:15:53'),(181,25,'新品推荐','2019-01-12 18:15:53'),(182,25,'商场同款','2019-01-12 18:15:53'),(183,25,'女士钱包','2019-01-12 18:15:53'),(184,25,'单肩包','2019-01-12 18:15:53'),(185,25,'斜跨包','2019-01-12 18:15:53'),(186,25,'手提包','2019-01-12 18:15:53'),(187,25,'手拿包','2019-01-12 18:15:53'),(188,25,'腰包','2019-01-12 18:15:53'),(189,25,'胸包','2019-01-12 18:15:53'),(190,25,'化妆包','2019-01-12 18:15:53'),(191,26,'男士钱包','2019-01-12 18:15:53'),(192,26,'收纳包','2019-01-12 18:15:53'),(193,26,'胸包','2019-01-12 18:15:53'),(194,26,'腰包','2019-01-12 18:15:53'),(195,26,'手拿包','2019-01-12 18:15:53'),(196,26,'手提包','2019-01-12 18:15:53'),(197,26,'斜跨包','2019-01-12 18:15:53'),(198,26,'单肩包','2019-01-12 18:15:53'),(199,26,'商场同款','2019-01-12 18:15:53'),(200,26,'新品推荐','2019-01-12 18:15:53'),(201,27,'旅行箱','2019-01-12 18:15:53'),(202,27,'万向轮箱','2019-01-12 18:15:53'),(203,27,'旅行袋','2019-01-12 18:15:53'),(204,27,'女士双肩包','2019-01-12 18:15:53'),(205,27,'男士双肩包','2019-01-12 18:15:53'),(206,27,'韩版双肩包','2019-01-12 18:15:53'),(207,27,'铆钉双肩包','2019-01-12 18:15:53'),(208,27,'女士钱包','2019-01-12 18:15:53'),(209,27,'男士钱包','2019-01-12 18:15:53'),(210,27,'大容量','2019-01-12 18:15:53'),(211,27,'印花','2019-01-12 18:15:53'),(212,28,'官方直售','2019-01-12 18:16:40'),(213,28,'面膜','2019-01-12 18:16:40'),(214,28,'护肤套装','2019-01-12 18:16:40'),(215,28,'乳液','2019-01-12 18:16:40'),(216,28,'面霜','2019-01-12 18:16:40'),(217,28,'精华液','2019-01-12 18:16:40'),(218,28,'护手霜','2019-01-12 18:16:40'),(219,28,'爽肤水','2019-01-12 18:16:40'),(220,28,'洁面眼霜','2019-01-12 18:16:40'),(221,28,'身体乳','2019-01-12 18:16:40'),(222,28,'卸妆','2019-01-12 18:16:40'),(223,28,'身体护理','2019-01-12 18:16:40'),(224,28,'男士护理','2019-01-12 18:16:40'),(225,28,'精油芳疗','2019-01-12 18:16:40'),(226,28,'丰胸','2019-01-12 18:16:40'),(227,28,'面部喷雾','2019-01-12 18:16:40'),(228,28,'T区护理','2019-01-12 18:16:40'),(229,28,'去角质','2019-01-12 18:16:40'),(230,28,'补水','2019-01-12 18:16:40'),(231,28,'祛痘','2019-01-12 18:16:40'),(232,28,'敏感修护','2019-01-12 18:16:40'),(233,28,'线上专柜','2019-01-12 18:16:40'),(234,29,'时尚彩妆','2019-01-12 18:16:40'),(235,29,'香水','2019-01-12 18:16:40'),(236,29,'BB霜','2019-01-12 18:16:40'),(237,29,'美容工具','2019-01-12 18:16:40'),(238,29,'口红隔离','2019-01-12 18:16:40'),(239,29,'粉底','2019-01-12 18:16:40'),(240,29,'粉饼','2019-01-12 18:16:40'),(241,29,'气垫bb','2019-01-12 18:16:40'),(242,29,'指甲油','2019-01-12 18:16:40'),(243,29,'美甲工具','2019-01-12 18:16:40'),(244,29,'眉笔','2019-01-12 18:16:40'),(245,29,'睫毛膏','2019-01-12 18:16:40'),(246,29,'眼线','2019-01-12 18:16:40'),(247,29,'唇彩','2019-01-12 18:16:40'),(248,29,'眼影','2019-01-12 18:16:40'),(249,29,'蜜粉','2019-01-12 18:16:40'),(250,29,'彩妆套装','2019-01-12 18:16:40'),(251,30,'洁面','2019-01-12 18:16:40'),(252,30,'爽肤水','2019-01-12 18:16:40'),(253,30,'乳液/面霜','2019-01-12 18:16:40'),(254,30,'面膜','2019-01-12 18:16:40'),(255,30,'面部精华','2019-01-12 18:16:40'),(256,30,'眼部护理','2019-01-12 18:16:40'),(257,30,'防晒','2019-01-12 18:16:40'),(258,30,'唇部护理','2019-01-12 18:16:40'),(259,30,'T区护理','2019-01-12 18:16:40'),(260,30,'控油','2019-01-12 18:16:40'),(261,31,'混合偏油型','2019-01-12 18:16:40'),(262,31,'中性偏干型','2019-01-12 18:16:40'),(263,31,'敏感性','2019-01-12 18:16:40'),(264,31,'干性','2019-01-12 18:16:40'),(265,31,'油性','2019-01-12 18:16:40'),(266,31,'混合型中性','2019-01-12 18:16:40'),(267,32,'洗发水','2019-01-12 18:16:40'),(268,32,'进口洗发水','2019-01-12 18:16:40'),(269,32,'护发素','2019-01-12 18:16:40'),(270,32,'发膜','2019-01-12 18:16:40'),(271,32,'洗护套装','2019-01-12 18:16:40'),(272,32,'护发精油','2019-01-12 18:16:40'),(273,32,'头发造型','2019-01-12 18:16:40'),(274,32,'弹力素','2019-01-12 18:16:40'),(275,32,'染发霜','2019-01-12 18:16:40'),(276,32,'整顶假发','2019-01-12 18:16:40'),(277,32,'假发配件','2019-01-12 18:16:40'),(278,32,'男性假发','2019-01-12 18:16:40'),(279,33,'牙膏','2019-01-12 18:16:40'),(280,33,'进口牙膏','2019-01-12 18:16:40'),(281,33,'牙刷','2019-01-12 18:16:40'),(282,33,'进口牙刷','2019-01-12 18:16:40'),(283,33,'漱口水','2019-01-12 18:16:40'),(284,33,'牙线','2019-01-12 18:16:40'),(285,33,'牙粉','2019-01-12 18:16:40'),(286,33,'口气清新剂','2019-01-12 18:16:40'),(287,33,'牙贴','2019-01-12 18:16:40'),(288,33,'口腔美白','2019-01-12 18:16:40'),(289,33,'假牙清洁','2019-01-12 18:16:40'),(290,34,'沐浴露','2019-01-12 18:16:40'),(291,34,'香皂','2019-01-12 18:16:40'),(292,34,'泡澡浴盐','2019-01-12 18:16:40'),(293,34,'护足','2019-01-12 18:16:40'),(294,34,'洗手液','2019-01-12 18:16:40'),(295,34,'手动剃须刀','2019-01-12 18:16:40'),(296,34,'卫生巾','2019-01-12 18:16:40'),(297,35,'耳钉','2019-01-12 18:17:13'),(298,35,'黄金项链','2019-01-12 18:17:13'),(299,35,'投资黄金','2019-01-12 18:17:13'),(300,35,'婚嫁套饰','2019-01-12 18:17:13'),(301,35,'黄金对戒','2019-01-12 18:17:13'),(302,35,'转运珠','2019-01-12 18:17:13'),(303,35,'足金饰品','2019-01-12 18:17:13'),(304,35,'K金饰品','2019-01-12 18:17:13'),(305,35,'商场同款','2019-01-12 18:17:13'),(306,36,'结婚钻戒','2019-01-12 18:17:13'),(307,36,'钻石吊坠','2019-01-12 18:17:13'),(308,36,'钻石耳饰','2019-01-12 18:17:13'),(309,36,'钻石手链','2019-01-12 18:17:13'),(310,36,'裸钻定制','2019-01-12 18:17:13'),(311,36,'红蓝宝石','2019-01-12 18:17:13'),(312,36,'绿宝石','2019-01-12 18:17:13'),(313,36,'坦桑石','2019-01-12 18:17:13'),(314,36,'其他天然宝石','2019-01-12 18:17:13'),(315,37,'珍珠项链送妈妈','2019-01-12 18:17:13'),(316,37,'海水珍珠','2019-01-12 18:17:13'),(317,37,'和田玉翡翠','2019-01-12 18:17:13'),(318,37,'摆件','2019-01-12 18:17:13'),(319,37,'翡翠手镯','2019-01-12 18:17:13'),(320,37,'翡翠项链','2019-01-12 18:17:13'),(321,37,'琥珀手链','2019-01-12 18:17:13'),(322,37,'天然琥珀','2019-01-12 18:17:13'),(323,37,'原矿琥珀','2019-01-12 18:17:13'),(324,38,'明星同款','2019-01-12 18:17:13'),(325,38,'传统银饰','2019-01-12 18:17:13'),(326,38,'木手串','2019-01-12 18:17:13'),(327,38,'银手镯','2019-01-12 18:17:13'),(328,38,'石榴石手链','2019-01-12 18:17:13'),(329,38,'开口戒指','2019-01-12 18:17:13'),(330,38,'胸针','2019-01-12 18:17:13'),(331,38,'宝宝银饰','2019-01-12 18:17:13'),(332,38,'手链项链','2019-01-12 18:17:13'),(333,38,'发饰','2019-01-12 18:17:13'),(334,38,'手镯','2019-01-12 18:17:13'),(335,38,'耳饰','2019-01-12 18:17:13'),(336,38,'戒指','2019-01-12 18:17:13'),(337,38,'项坠','2019-01-12 18:17:13'),(338,38,'施华洛世奇','2019-01-12 18:17:13'),(339,38,'shes','2019-01-12 18:17:13'),(340,38,'银时代','2019-01-12 18:17:13'),(341,38,'伊泰莲娜','2019-01-12 18:17:13'),(342,38,'PH7Monchhichi','2019-01-12 18:17:13'),(343,38,'ALEXANDRE','2019-01-12 18:17:13'),(344,39,'瑞士名表','2019-01-12 18:17:13'),(345,39,'日韩','2019-01-12 18:17:13'),(346,39,'港表','2019-01-12 18:17:13'),(347,39,'欧美手表','2019-01-12 18:17:13'),(348,39,'经典国表','2019-01-12 18:17:13'),(349,39,'国货精表','2019-01-12 18:17:13'),(350,39,'男表','2019-01-12 18:17:13'),(351,39,'女表','2019-01-12 18:17:13'),(352,39,'情侣表','2019-01-12 18:17:13'),(353,39,'儿童手表','2019-01-12 18:17:13'),(354,39,'机械表','2019-01-12 18:17:13'),(355,39,'石英表','2019-01-12 18:17:13'),(356,39,'光能表','2019-01-12 18:17:13'),(357,39,'防水表','2019-01-12 18:17:13'),(358,39,'运动表','2019-01-12 18:17:13'),(359,39,'学生表','2019-01-12 18:17:13'),(360,39,'军表','2019-01-12 18:17:13'),(361,39,'陶瓷表','2019-01-12 18:17:13'),(362,40,'太阳镜','2019-01-12 18:17:13'),(363,40,'墨镜','2019-01-12 18:17:13'),(364,40,'眼镜框','2019-01-12 18:17:13'),(365,40,'近视眼镜','2019-01-12 18:17:13'),(366,40,'防辐射眼镜','2019-01-12 18:17:13'),(367,40,'老花镜','2019-01-12 18:17:13'),(368,40,'司机镜','2019-01-12 18:17:13'),(369,40,' 偏光镜','2019-01-12 18:17:13'),(370,40,'驾驶镜','2019-01-12 18:17:13'),(371,40,'3D眼镜','2019-01-12 18:17:13'),(372,40,'雷朋','2019-01-12 18:17:13'),(373,40,'暴龙','2019-01-12 18:17:13'),(374,40,'宝岛眼镜','2019-01-12 18:17:13'),(375,40,'oakley','2019-01-12 18:17:13'),(376,41,'AliOS','2019-01-12 18:17:45'),(377,41,'千元指纹','2019-01-12 18:17:45'),(378,41,'双卡双待','2019-01-12 18:17:45'),(379,41,'大屏','2019-01-12 18:17:45'),(380,41,'自拍','2019-01-12 18:17:45'),(381,41,'移动','2019-01-12 18:17:45'),(382,41,'联通','2019-01-12 18:17:45'),(383,41,'电信','2019-01-12 18:17:45'),(384,41,'合约机','2019-01-12 18:17:45'),(385,42,'笔记本','2019-01-12 18:17:45'),(386,42,'平板电脑','2019-01-12 18:17:45'),(387,42,'台式机','2019-01-12 18:17:45'),(388,42,'一体机','2019-01-12 18:17:45'),(389,42,'DIY','2019-01-12 18:17:45'),(390,42,'游戏本','2019-01-12 18:17:45'),(391,42,'iPad','2019-01-12 18:17:45'),(392,42,'Surface','2019-01-12 18:17:45'),(393,43,'智能设备','2019-01-12 18:17:45'),(394,43,'智能手表','2019-01-12 18:17:45'),(395,43,'智能手环','2019-01-12 18:17:45'),(396,43,'VR眼镜','2019-01-12 18:17:45'),(397,43,'智能摄像','2019-01-12 18:17:45'),(398,43,'智能健康','2019-01-12 18:17:45'),(399,43,'智能机器人','2019-01-12 18:17:45'),(400,44,'DIY电脑','2019-01-12 18:17:45'),(401,44,'竞技DIY','2019-01-12 18:17:45'),(402,44,'显示器','2019-01-12 18:17:45'),(403,44,'游戏本','2019-01-12 18:17:45'),(404,44,'机械键盘','2019-01-12 18:17:45'),(405,44,'XBOX','2019-01-12 18:17:45'),(406,44,'游戏手柄','2019-01-12 18:17:45'),(407,45,'显示器','2019-01-12 18:17:45'),(408,45,'机械键盘','2019-01-12 18:17:45'),(409,45,'固态硬盘','2019-01-12 18:17:45'),(410,45,'CPU','2019-01-12 18:17:45'),(411,45,'显卡','2019-01-12 18:17:45'),(412,45,'主板','2019-01-12 18:17:45'),(413,45,'高速U盘','2019-01-12 18:17:45'),(414,45,'路由器','2019-01-12 18:17:45'),(415,46,'相机','2019-01-12 18:17:45'),(416,46,'单反','2019-01-12 18:17:45'),(417,46,'单电微单','2019-01-12 18:17:45'),(418,46,'摄像机','2019-01-12 18:17:45'),(419,46,'自拍神器','2019-01-12 18:17:45'),(420,46,'拍立得','2019-01-12 18:17:45'),(421,46,'镜头','2019-01-12 18:17:45'),(422,46,'自拍杆','2019-01-12 18:17:45'),(423,47,'耳机','2019-01-12 18:17:45'),(424,47,'天猫魔盒','2019-01-12 18:17:45'),(425,47,'数码影音','2019-01-12 18:17:45'),(426,47,'家庭影院','2019-01-12 18:17:45'),(427,47,'蓝牙耳机','2019-01-12 18:17:45'),(428,47,'网络播放器','2019-01-12 18:17:45'),(429,48,'文具','2019-01-12 18:17:45'),(430,48,'电子书','2019-01-12 18:17:45'),(431,48,'笔类／书写工具','2019-01-12 18:17:45'),(432,48,'智能投影','2019-01-12 18:17:45'),(433,48,'打印机','2019-01-12 18:17:45'),(434,48,'保险箱','2019-01-12 18:17:45'),(435,49,'商场同款','2019-01-12 18:18:22'),(436,49,'套装','2019-01-12 18:18:22'),(437,49,'裤子','2019-01-12 18:18:22'),(438,49,'外套','2019-01-12 18:18:22'),(439,49,'T恤','2019-01-12 18:18:22'),(440,49,'裙子','2019-01-12 18:18:22'),(441,49,'内衣裤','2019-01-12 18:18:22'),(442,49,'连体衣','2019-01-12 18:18:22'),(443,49,'亲子装','2019-01-12 18:18:22'),(444,50,'学步鞋','2019-01-12 18:18:22'),(445,50,'运动鞋','2019-01-12 18:18:22'),(446,50,'亲子鞋','2019-01-12 18:18:22'),(447,50,'帆布鞋','2019-01-12 18:18:22'),(448,50,'皮鞋','2019-01-12 18:18:22'),(449,50,'雨靴','2019-01-12 18:18:22'),(450,50,'靴子','2019-01-12 18:18:22'),(451,50,'拖鞋','2019-01-12 18:18:22'),(452,50,'棉鞋','2019-01-12 18:18:22'),(453,50,'凉鞋','2019-01-12 18:18:22'),(454,51,'奶瓶','2019-01-12 18:18:22'),(455,51,'奶嘴','2019-01-12 18:18:22'),(456,51,'水杯','2019-01-12 18:18:22'),(457,51,'餐具','2019-01-12 18:18:22'),(458,51,'消毒锅','2019-01-12 18:18:22'),(459,51,'辅食机','2019-01-12 18:18:22'),(460,51,'调奶器','2019-01-12 18:18:22'),(461,51,'暖奶器','2019-01-12 18:18:22'),(462,51,'围嘴','2019-01-12 18:18:22'),(463,52,'婴儿玩具','2019-01-12 18:18:22'),(464,52,'儿童自行车','2019-01-12 18:18:22'),(465,52,'儿童电动车','2019-01-12 18:18:22'),(466,52,'毛绒玩具','2019-01-12 18:18:22'),(467,52,'积木','2019-01-12 18:18:22'),(468,52,'电动遥控','2019-01-12 18:18:22'),(469,52,'儿童箱包','2019-01-12 18:18:22'),(470,53,'动漫周边','2019-01-12 18:18:22'),(471,53,'影视周边','2019-01-12 18:18:22'),(472,53,'手办','2019-01-12 18:18:22'),(473,53,'高达','2019-01-12 18:18:22'),(474,53,'魔术道具','2019-01-12 18:18:22'),(475,53,'COSPLAY','2019-01-12 18:18:22'),(476,53,'桌游','2019-01-12 18:18:22'),(477,53,'变形金刚','2019-01-12 18:18:22'),(478,54,'牛奶粉','2019-01-12 18:18:22'),(479,54,'羊奶粉','2019-01-12 18:18:22'),(480,54,'特殊配方奶粉','2019-01-12 18:18:22'),(481,54,'宝宝辅食','2019-01-12 18:18:22'),(482,54,'宝宝零食','2019-01-12 18:18:22'),(483,54,'宝宝营养','2019-01-12 18:18:22'),(484,54,'DHA','2019-01-12 18:18:22'),(485,55,'纸尿裤','2019-01-12 18:18:22'),(486,55,'拉拉裤','2019-01-12 18:18:22'),(487,55,'纸尿片','2019-01-12 18:18:22'),(488,55,'LXLMSNB','2019-01-12 18:18:22'),(489,55,'新生儿组合','2019-01-12 18:18:22'),(490,56,'孕产用品','2019-01-12 18:18:22'),(491,56,'孕妈洗护','2019-01-12 18:18:22'),(492,56,'孕妈装','2019-01-12 18:18:22'),(493,56,'月子服','2019-01-12 18:18:22'),(494,56,'哺乳文胸','2019-01-12 18:18:22'),(495,56,'防辐射','2019-01-12 18:18:22'),(496,57,'西湖龙井','2019-01-12 18:19:01'),(497,57,'安吉白茶','2019-01-12 18:19:01'),(498,57,'绿茶','2019-01-12 18:19:01'),(499,57,'大红袍','2019-01-12 18:19:01'),(500,57,'铁观音','2019-01-12 18:19:01'),(501,57,'普洱茶','2019-01-12 18:19:01'),(502,57,'玫瑰花茶','2019-01-12 18:19:01'),(503,57,'柠檬片','2019-01-12 18:19:01'),(504,57,'菊花茶','2019-01-12 18:19:01'),(505,57,'花茶','2019-01-12 18:19:01'),(506,57,'天然粉粉','2019-01-12 18:19:01'),(507,57,'金骏眉','2019-01-12 18:19:01'),(508,57,'红茶','2019-01-12 18:19:01'),(509,58,'牛奶','2019-01-12 18:19:01'),(510,58,'酸奶','2019-01-12 18:19:01'),(511,58,'成人奶粉','2019-01-12 18:19:01'),(512,58,'儿童奶','2019-01-12 18:19:01'),(513,58,'速溶咖啡','2019-01-12 18:19:01'),(514,58,'滤挂咖啡','2019-01-12 18:19:01'),(515,58,'咖啡豆','2019-01-12 18:19:01'),(516,58,'麦片','2019-01-12 18:19:01'),(517,58,'奶茶','2019-01-12 18:19:01'),(518,58,'柚子茶','2019-01-12 18:19:01'),(519,58,'果汁','2019-01-12 18:19:01'),(520,58,'汽水','2019-01-12 18:19:01'),(521,58,'功能饮料','2019-01-12 18:19:01'),(522,58,'饮用水','2019-01-12 18:19:01'),(523,59,'橄榄油','2019-01-12 18:19:01'),(524,59,'食用油','2019-01-12 18:19:01'),(525,59,'大米','2019-01-12 18:19:01'),(526,59,'薏米','2019-01-12 18:19:01'),(527,59,'玉米','2019-01-12 18:19:01'),(528,59,'面粉','2019-01-12 18:19:01'),(529,59,'银耳','2019-01-12 18:19:01'),(530,59,'桂圆干','2019-01-12 18:19:01'),(531,59,'香肠','2019-01-12 18:19:01'),(532,59,'木耳','2019-01-12 18:19:01'),(533,59,'香菇','2019-01-12 18:19:01'),(534,59,'方便面','2019-01-12 18:19:01'),(535,59,'手抓饼','2019-01-12 18:19:01'),(536,59,'黄油','2019-01-12 18:19:01'),(537,59,'意大利面','2019-01-12 18:19:01'),(538,59,'蛋挞皮','2019-01-12 18:19:01'),(539,59,'调味品','2019-01-12 18:19:01'),(540,59,'红糖','2019-01-12 18:19:01'),(541,59,'进口泡面','2019-01-12 18:19:01'),(542,59,'粽子','2019-01-12 18:19:01'),(543,59,'寿司','2019-01-12 18:19:01'),(544,60,'牛排','2019-01-12 18:19:01'),(545,60,'芒果','2019-01-12 18:19:01'),(546,60,'奇异果','2019-01-12 18:19:01'),(547,60,'蟹','2019-01-12 18:19:01'),(548,60,'三文鱼','2019-01-12 18:19:01'),(549,60,'虾','2019-01-12 18:19:01'),(550,60,'车厘子','2019-01-12 18:19:01'),(551,60,'进口鳕鱼','2019-01-12 18:19:01'),(552,60,'海参','2019-01-12 18:19:01'),(553,60,'苹果','2019-01-12 18:19:01'),(554,60,'榴莲','2019-01-12 18:19:01'),(555,60,'牛肉','2019-01-12 18:19:01'),(556,60,'牛油果','2019-01-12 18:19:01'),(557,60,'土鸡','2019-01-12 18:19:01'),(558,60,'冰淇淋','2019-01-12 18:19:01'),(559,60,'鸡蛋','2019-01-12 18:19:01'),(560,61,'土豆','2019-01-12 18:20:20'),(561,61,'番薯','2019-01-12 18:20:20'),(562,61,'山药','2019-01-12 18:20:20'),(563,61,'莲藕','2019-01-12 18:20:20'),(564,61,'净菜','2019-01-12 18:20:20'),(565,61,'玉米','2019-01-12 18:20:20'),(566,61,'秋葵','2019-01-12 18:20:20'),(567,61,'大蒜','2019-01-12 18:20:20'),(568,61,'生姜','2019-01-12 18:20:20'),(569,61,'南瓜','2019-01-12 18:20:20'),(570,62,'冰淇淋','2019-01-12 18:20:20'),(571,62,'哈根达斯','2019-01-12 18:20:20'),(572,62,'movenpick','2019-01-12 18:20:20'),(573,62,'莫凡彼','2019-01-12 18:20:20'),(574,62,'本杰瑞','2019-01-12 18:20:20'),(575,62,'tip-top冰淇淋','2019-01-12 18:20:20'),(576,63,'鸡蛋','2019-01-12 18:20:20'),(577,63,'鸭蛋','2019-01-12 18:20:20'),(578,63,'鹅蛋','2019-01-12 18:20:20'),(579,63,'鸽子蛋','2019-01-12 18:20:20'),(580,63,'鹌鹑蛋','2019-01-12 18:20:20'),(581,63,'松花皮蛋','2019-01-12 18:20:20'),(582,63,'咸鸭蛋','2019-01-12 18:20:20'),(583,63,'喜蛋','2019-01-12 18:20:20'),(584,64,'牛排','2019-01-12 18:20:20'),(585,64,'牛腩','2019-01-12 18:20:20'),(586,64,'牛腱子','2019-01-12 18:20:20'),(587,64,'牛肉','2019-01-12 18:20:20'),(588,64,'牛尾','2019-01-12 18:20:20'),(589,64,'牛肉串','2019-01-12 18:20:20'),(590,64,'牛杂','2019-01-12 18:20:20'),(591,64,'羊腿','2019-01-12 18:20:20'),(592,64,'羊排','2019-01-12 18:20:20'),(593,64,'羊肉串','2019-01-12 18:20:20'),(594,64,'羊蝎子','2019-01-12 18:20:20'),(595,64,'鸡肉','2019-01-12 18:20:20'),(596,64,'鸡翅','2019-01-12 18:20:20'),(597,64,'鸡胸','2019-01-12 18:20:20'),(598,64,'鸡腿','2019-01-12 18:20:20'),(599,64,'鸭肉','2019-01-12 18:20:20'),(600,64,'乳鸽','2019-01-12 18:20:20'),(601,64,'鹅肉','2019-01-12 18:20:20'),(602,65,'鳕鱼','2019-01-12 18:20:20'),(603,65,'三文鱼','2019-01-12 18:20:20'),(604,65,'金枪鱼','2019-01-12 18:20:20'),(605,65,'鲽鱼','2019-01-12 18:20:20'),(606,65,'斑鱼','2019-01-12 18:20:20'),(607,65,'比目鱼','2019-01-12 18:20:20'),(608,65,'多春鱼','2019-01-12 18:20:20'),(609,65,'马鲛鱼','2019-01-12 18:20:20'),(610,65,'龙利鱼','2019-01-12 18:20:20'),(611,65,'秋刀鱼','2019-01-12 18:20:20'),(612,65,'带鱼','2019-01-12 18:20:20'),(613,65,'海带','2019-01-12 18:20:20'),(614,65,'墨鱼','2019-01-12 18:20:20'),(615,65,'海参','2019-01-12 18:20:20'),(616,65,'海蜇','2019-01-12 18:20:20'),(617,65,'鱿鱼','2019-01-12 18:20:20'),(618,65,'甲鱼','2019-01-12 18:20:20'),(619,65,'大闸蟹','2019-01-12 18:20:20'),(620,65,'帝王蟹','2019-01-12 18:20:20'),(621,65,'雪蟹','2019-01-12 18:20:20'),(622,65,'黄金蟹','2019-01-12 18:20:20'),(623,65,'鱼丸','2019-01-12 18:20:20'),(624,65,'鱼糕/鱼饼','2019-01-12 18:20:20'),(625,65,'干贝/瑶柱','2019-01-12 18:20:20'),(626,65,'虾仁','2019-01-12 18:20:20'),(627,65,'活虾','2019-01-12 18:20:20'),(628,65,'冻虾','2019-01-12 18:20:20'),(629,65,'生蚝','2019-01-12 18:20:20'),(630,65,'北极贝','2019-01-12 18:20:20'),(631,65,'扇贝','2019-01-12 18:20:20'),(632,65,'贝类','2019-01-12 18:20:20'),(633,66,'奇异果','2019-01-12 18:20:20'),(634,66,'车厘子/樱桃','2019-01-12 18:20:20'),(635,66,'芒果','2019-01-12 18:20:20'),(636,66,'牛油果','2019-01-12 18:20:20'),(637,66,'火龙果','2019-01-12 18:20:20'),(638,66,'苹果','2019-01-12 18:20:20'),(639,66,'橙子','2019-01-12 18:20:20'),(640,66,'凤梨','2019-01-12 18:20:20'),(641,66,'榴莲','2019-01-12 18:20:20'),(642,66,'山竹','2019-01-12 18:20:20'),(643,66,'木瓜','2019-01-12 18:20:20'),(644,66,'柠檬','2019-01-12 18:20:20'),(645,66,'百香果','2019-01-12 18:20:20'),(646,66,'椰青','2019-01-12 18:20:20'),(647,66,'番荔枝/释迦','2019-01-12 18:20:20'),(648,66,'龙眼','2019-01-12 18:20:20'),(649,66,'蓝莓','2019-01-12 18:20:20'),(650,66,'梨','2019-01-12 18:20:20'),(651,66,'提子','2019-01-12 18:20:20'),(652,66,'柚子','2019-01-12 18:20:20'),(653,66,'芭乐莲','2019-01-12 18:20:20'),(654,66,'雾桃','2019-01-12 18:20:20'),(655,66,'草莓','2019-01-12 18:20:20'),(656,66,'西柚','2019-01-12 18:20:20'),(657,66,'荔枝','2019-01-12 18:20:20'),(658,66,'石榴','2019-01-12 18:20:20'),(659,66,'葡萄/提子','2019-01-12 18:20:20'),(660,66,'哈密瓜','2019-01-12 18:20:20'),(661,66,'枇杷','2019-01-12 18:20:20'),(662,66,'李子','2019-01-12 18:20:20'),(663,66,'西瓜','2019-01-12 18:20:20'),(664,66,'菠萝','2019-01-12 18:20:20'),(665,66,'桔子','2019-01-12 18:20:20'),(666,66,'香蕉','2019-01-12 18:20:20'),(667,66,'杨桃','2019-01-12 18:20:20'),(668,66,'红毛丹/毛荔枝','2019-01-12 18:20:20'),(669,67,'干贝/瑶柱','2019-01-12 18:20:20'),(670,67,'虾皮/虾米/海米','2019-01-12 18:20:20'),(671,67,'大虾干','2019-01-12 18:20:20'),(672,67,'花胶/鱼胶','2019-01-12 18:20:20'),(673,67,'海带','2019-01-12 18:20:20'),(674,67,'紫菜','2019-01-12 18:20:20'),(675,68,'4K超高清','2019-01-12 18:21:05'),(676,68,'国产','2019-01-12 18:21:05'),(677,68,'外资品牌','2019-01-12 18:21:05'),(678,68,'曲面','2019-01-12 18:21:05'),(679,68,'智能电视','2019-01-12 18:21:05'),(680,68,'超级大屏','2019-01-12 18:21:05'),(681,68,'云电视','2019-01-12 18:21:05'),(682,68,'客厅首选','2019-01-12 18:21:05'),(683,69,'热门之选','2019-01-12 18:21:05'),(684,69,'节能','2019-01-12 18:21:05'),(685,69,'智能','2019-01-12 18:21:05'),(686,69,'变频','2019-01-12 18:21:05'),(687,69,'艺术柜机','2019-01-12 18:21:05'),(688,69,'挂机','2019-01-12 18:21:05'),(689,69,'1.5匹','2019-01-12 18:21:05'),(690,69,'中央空调','2019-01-12 18:21:05'),(691,70,'热门之选','2019-01-12 18:21:05'),(692,70,'无霜','2019-01-12 18:21:05'),(693,70,'三门','2019-01-12 18:21:05'),(694,70,'对开门','2019-01-12 18:21:05'),(695,70,'电脑温控','2019-01-12 18:21:05'),(696,70,'智能冷柜','2019-01-12 18:21:05'),(697,70,'酒柜','2019-01-12 18:21:05'),(698,71,'滚筒洗','2019-01-12 18:21:05'),(699,71,'波轮洗','2019-01-12 18:21:05'),(700,71,'洗烘一体','2019-01-12 18:21:05'),(701,71,'迷你烘干机','2019-01-12 18:21:05'),(702,71,'双缸/双桶','2019-01-12 18:21:05'),(703,71,'热门','2019-01-12 18:21:05'),(704,71,'大容量','2019-01-12 18:21:05'),(705,72,'烟灶套装','2019-01-12 18:21:05'),(706,72,'嵌入式烤箱','2019-01-12 18:21:05'),(707,72,'嵌入式蒸箱','2019-01-12 18:21:05'),(708,72,'燃气灶','2019-01-12 18:21:05'),(709,72,'消毒柜','2019-01-12 18:21:05'),(710,72,'洗碗机','2019-01-12 18:21:05'),(711,72,'集成灶','2019-01-12 18:21:05'),(712,73,'电热水器','2019-01-12 18:21:05'),(713,73,'燃气热水器','2019-01-12 18:21:05'),(714,73,'遥控恒温','2019-01-12 18:21:05'),(715,73,'小厨宝','2019-01-12 18:21:05'),(716,73,'太阳能','2019-01-12 18:21:05'),(717,73,'即热式','2019-01-12 18:21:05'),(718,73,'空气能','2019-01-12 18:21:05'),(719,74,'净水器','2019-01-12 18:21:05'),(720,74,'电饭煲','2019-01-12 18:21:05'),(721,74,'豆浆机','2019-01-12 18:21:05'),(722,74,'电热水壶','2019-01-12 18:21:05'),(723,74,'电压力锅','2019-01-12 18:21:05'),(724,74,'电磁炉','2019-01-12 18:21:05'),(725,74,'养生壶','2019-01-12 18:21:05'),(726,75,'烤箱','2019-01-12 18:21:05'),(727,75,'料理机','2019-01-12 18:21:05'),(728,75,'微波炉','2019-01-12 18:21:05'),(729,75,'榨汁机','2019-01-12 18:21:05'),(730,75,'原汁机','2019-01-12 18:21:05'),(731,75,'面包机','2019-01-12 18:21:05'),(732,75,'咖啡机','2019-01-12 18:21:05'),(733,75,'电炸锅','2019-01-12 18:21:05'),(734,76,'客厅成套家具','2019-01-12 18:21:42'),(735,76,'餐厅成套家具','2019-01-12 18:21:42'),(736,76,'卧室成套家具','2019-01-12 18:21:42'),(737,76,'儿童成套家具','2019-01-12 18:21:42'),(738,77,'沙发','2019-01-12 18:21:42'),(739,77,'布艺沙发','2019-01-12 18:21:42'),(740,77,'皮艺沙发','2019-01-12 18:21:42'),(741,77,'实木沙发','2019-01-12 18:21:42'),(742,77,'懒人沙发','2019-01-12 18:21:42'),(743,77,'电视柜','2019-01-12 18:21:42'),(744,77,'茶几','2019-01-12 18:21:42'),(745,77,'鞋柜','2019-01-12 18:21:42'),(746,77,'单人沙发','2019-01-12 18:21:42'),(747,77,'餐桌','2019-01-12 18:21:42'),(748,77,'餐椅','2019-01-12 18:21:42'),(749,77,'酒柜','2019-01-12 18:21:42'),(750,77,'餐边柜','2019-01-12 18:21:42'),(751,77,'吧台','2019-01-12 18:21:42'),(752,77,'玄关柜','2019-01-12 18:21:42'),(753,77,'边几','2019-01-12 18:21:42'),(754,78,'床衣柜','2019-01-12 18:21:42'),(755,78,'床垫','2019-01-12 18:21:42'),(756,78,'简易衣柜','2019-01-12 18:21:42'),(757,78,'乳胶床垫','2019-01-12 18:21:42'),(758,78,'弹簧床垫','2019-01-12 18:21:42'),(759,78,'棕床垫','2019-01-12 18:21:42'),(760,78,'实木床','2019-01-12 18:21:42'),(761,78,'双人床','2019-01-12 18:21:42'),(762,79,'电脑桌','2019-01-12 18:21:42'),(763,79,'电脑椅','2019-01-12 18:21:42'),(764,79,'书桌','2019-01-12 18:21:42'),(765,79,'办公桌','2019-01-12 18:21:42'),(766,79,'书架','2019-01-12 18:21:42'),(767,79,'书柜','2019-01-12 18:21:42'),(768,79,'连体书桌柜','2019-01-12 18:21:42'),(769,79,'折叠床/椅','2019-01-12 18:21:42'),(770,79,'花架','2019-01-12 18:21:42'),(771,79,'儿童床','2019-01-12 18:21:42'),(772,79,'高低床','2019-01-12 18:21:42'),(773,79,'儿童床垫','2019-01-12 18:21:42'),(774,79,'儿童沙发','2019-01-12 18:21:42'),(775,79,'儿童椅','2019-01-12 18:21:42'),(776,79,'儿童学习桌','2019-01-12 18:21:42'),(777,79,'儿童衣柜','2019-01-12 18:21:42'),(778,80,'强化复合地板','2019-01-12 18:21:42'),(779,80,'瓷砖','2019-01-12 18:21:42'),(780,80,'墙纸','2019-01-12 18:21:42'),(781,80,'涂料','2019-01-12 18:21:42'),(782,80,'瓷砖','2019-01-12 18:21:42'),(783,80,'背景墙','2019-01-12 18:21:42'),(784,80,'油漆','2019-01-12 18:21:42'),(785,80,'地板','2019-01-12 18:21:42'),(786,80,'硅藻泥','2019-01-12 18:21:42'),(787,81,'浴霸','2019-01-12 18:21:42'),(788,81,'集成吊顶','2019-01-12 18:21:42'),(789,81,'马桶','2019-01-12 18:21:42'),(790,81,'淋浴花洒套装','2019-01-12 18:21:42'),(791,81,'浴室柜','2019-01-12 18:21:42'),(792,81,'组合水槽套餐','2019-01-12 18:21:42'),(793,81,'智能马桶盖','2019-01-12 18:21:42'),(794,82,'吸顶灯','2019-01-12 18:21:42'),(795,82,'吊灯','2019-01-12 18:21:42'),(796,82,'水晶吊灯','2019-01-12 18:21:42'),(797,82,'筒灯','2019-01-12 18:21:42'),(798,82,'射灯','2019-01-12 18:21:42'),(799,82,'灯带','2019-01-12 18:21:42'),(800,82,'灯泡','2019-01-12 18:21:42'),(801,82,'壁灯','2019-01-12 18:21:42'),(802,82,'灯具套餐','2019-01-12 18:21:42'),(803,82,'铜灯','2019-01-12 18:21:42'),(804,83,'v60一口价39.99万','2019-01-12 18:22:24'),(805,83,'超级试驾','2019-01-12 18:22:24'),(806,83,'订金购车','2019-01-12 18:22:24'),(807,83,'新能源汽车','2019-01-12 18:22:24'),(808,83,'轿车','2019-01-12 18:22:24'),(809,83,'SUV','2019-01-12 18:22:24'),(810,83,'MPV','2019-01-12 18:22:24'),(811,84,'秋冬座垫','2019-01-12 18:22:24'),(812,84,'汽车脚垫','2019-01-12 18:22:24'),(813,84,'专用座垫','2019-01-12 18:22:24'),(814,84,'专用座套','2019-01-12 18:22:24'),(815,84,'女性座垫','2019-01-12 18:22:24'),(816,84,'通用座垫','2019-01-12 18:22:24'),(817,85,'四件套','2019-01-12 18:23:21'),(818,85,'枕头','2019-01-12 18:23:21'),(819,85,'枕芯','2019-01-12 18:23:21'),(820,85,'床单','2019-01-12 18:23:21'),(821,85,'被子','2019-01-12 18:23:21'),(822,85,'被套','2019-01-12 18:23:21'),(823,85,'床垫','2019-01-12 18:23:21'),(824,85,'针织棉','2019-01-12 18:23:21'),(825,85,'四件套','2019-01-12 18:23:21'),(826,85,'床帘','2019-01-12 18:23:21'),(827,85,'枕套','2019-01-12 18:23:21'),(828,85,'真丝','2019-01-12 18:23:21'),(829,85,'枕套','2019-01-12 18:23:21'),(830,85,'枕巾','2019-01-12 18:23:21'),(831,85,'毯子','2019-01-12 18:23:21'),(832,85,'毛巾毯','2019-01-12 18:23:21'),(833,85,'乳胶枕','2019-01-12 18:23:21'),(834,85,'颈椎枕','2019-01-12 18:23:21'),(835,85,'U型枕','2019-01-12 18:23:21'),(836,85,'记忆枕','2019-01-12 18:23:21'),(837,85,'婚庆床品','2019-01-12 18:23:21'),(838,85,'儿童床品','2019-01-12 18:23:21'),(839,85,'床罩','2019-01-12 18:23:21'),(840,86,'窗帘','2019-01-12 18:23:21'),(841,86,'遮光窗帘','2019-01-12 18:23:21'),(842,86,'成品窗帘','2019-01-12 18:23:21'),(843,86,'进口地毯','2019-01-12 18:23:21'),(844,86,'客厅地毯','2019-01-12 18:23:21'),(845,86,'卧室地毯','2019-01-12 18:23:21'),(846,86,'沙发套','2019-01-12 18:23:21'),(847,86,'沙发巾','2019-01-12 18:23:21'),(848,86,'家居拖鞋','2019-01-12 18:23:21'),(849,86,'女士棉拖','2019-01-12 18:23:21'),(850,86,'情侣拖鞋','2019-01-12 18:23:21'),(851,86,'毛巾纯棉','2019-01-12 18:23:21'),(852,86,'毛巾浴袍','2019-01-12 18:23:21'),(853,86,'地垫','2019-01-12 18:23:21'),(854,86,'防滑地垫','2019-01-12 18:23:21'),(855,86,'儿童泡沫地垫','2019-01-12 18:23:21'),(856,86,'抱枕','2019-01-12 18:23:21'),(857,86,'靠垫','2019-01-12 18:23:21'),(858,86,'坐垫','2019-01-12 18:23:21'),(859,86,'桌布','2019-01-12 18:23:21'),(860,86,'防水桌布','2019-01-12 18:23:21'),(861,86,'餐垫','2019-01-12 18:23:21'),(862,86,'窗帘杆','2019-01-12 18:23:21'),(863,86,'十字绣','2019-01-12 18:23:21'),(864,86,'十字绣','2019-01-12 18:23:21'),(865,86,'抱枕','2019-01-12 18:23:21'),(866,86,'门帘','2019-01-12 18:23:21'),(867,86,'飘窗垫','2019-01-12 18:23:21'),(868,86,'钻石画','2019-01-12 18:23:21'),(869,86,'防尘罩','2019-01-12 18:23:21'),(870,86,'百叶帘','2019-01-12 18:23:21'),(871,87,'墙贴','2019-01-12 18:23:21'),(872,87,'墙纸','2019-01-12 18:23:21'),(873,87,'自粘壁纸','2019-01-12 18:23:21'),(874,87,'3d立体墙贴','2019-01-12 18:23:21'),(875,87,'花瓶','2019-01-12 18:23:21'),(876,87,'摆件','2019-01-12 18:23:21'),(877,87,'相框','2019-01-12 18:23:21'),(878,87,'装饰画','2019-01-12 18:23:21'),(879,87,'电视背景墙','2019-01-12 18:23:21'),(880,87,'仿真花','2019-01-12 18:23:21'),(881,87,'闹钟','2019-01-12 18:23:21'),(882,87,'玻璃贴纸','2019-01-12 18:23:21'),(883,87,'结婚礼物','2019-01-12 18:23:21'),(884,87,'香薰炉','2019-01-12 18:23:21'),(885,87,'电表箱','2019-01-12 18:23:21'),(886,87,'装饰画','2019-01-12 18:23:21'),(887,87,'招财猫','2019-01-12 18:23:21'),(888,87,'雕刻','2019-01-12 18:23:21'),(889,87,'工艺果盘','2019-01-12 18:23:21'),(890,87,'数字油画','2019-01-12 18:23:21'),(891,87,'玻璃花瓶','2019-01-12 18:23:21'),(892,87,'冰箱贴','2019-01-12 18:23:21'),(893,87,'首饰盒','2019-01-12 18:23:21'),(894,87,'壁饰','2019-01-12 18:23:21'),(895,88,'红玫瑰','2019-01-12 18:23:21'),(896,88,'香槟','2019-01-12 18:23:21'),(897,88,'玫瑰','2019-01-12 18:23:21'),(898,88,'百合','2019-01-12 18:23:21'),(899,88,'永生花','2019-01-12 18:23:21'),(900,88,'萌多肉','2019-01-12 18:23:21'),(901,88,'绿植','2019-01-12 18:23:21'),(902,88,'盆栽','2019-01-12 18:23:21'),(903,88,'表白送花','2019-01-12 18:23:21'),(904,88,'康乃馨','2019-01-12 18:23:21'),(905,88,'花束混搭','2019-01-12 18:23:21'),(906,88,'进口玫瑰','2019-01-12 18:23:21'),(907,88,'多肉植物','2019-01-12 18:23:21'),(908,88,'微景观','2019-01-12 18:23:21'),(909,88,'仿真花','2019-01-12 18:23:21'),(910,88,'绢花','2019-01-12 18:23:21'),(911,88,'情人节送花','2019-01-12 18:23:21'),(912,88,'生日送花','2019-01-12 18:23:21'),(913,88,'鲜花礼盒','2019-01-12 18:23:21'),(914,88,'多肉','2019-01-12 18:23:21'),(915,88,'花盆','2019-01-12 18:23:21'),(916,88,'室内植物','2019-01-12 18:23:21'),(917,88,'园艺工具','2019-01-12 18:23:21'),(918,88,'绿萝盆栽','2019-01-12 18:23:21'),(919,88,'干花装饰','2019-01-12 18:23:21'),(920,89,'营养补充剂','2019-01-12 18:23:51'),(921,89,'芦荟','2019-01-12 18:23:51'),(922,89,'玛卡','2019-01-12 18:23:51'),(923,89,'减肥','2019-01-12 18:23:51'),(924,89,'胶原蛋白','2019-01-12 18:23:51'),(925,89,'维生素C','2019-01-12 18:23:51'),(926,89,'鱼油','2019-01-12 18:23:51'),(927,89,'美容养颜','2019-01-12 18:23:51'),(928,89,'保健食品','2019-01-12 18:23:51'),(929,89,'缓解体力疲劳','2019-01-12 18:23:51'),(930,89,'辅助降血脂','2019-01-12 18:23:51'),(931,89,'增加骨密度','2019-01-12 18:23:51'),(932,89,'护肝','2019-01-12 18:23:51'),(933,89,'减肥','2019-01-12 18:23:51'),(934,89,'通便','2019-01-12 18:23:51'),(935,89,'抗氧化','2019-01-12 18:23:51'),(936,89,'改善睡眠','2019-01-12 18:23:51'),(937,89,'祛黄褐斑','2019-01-12 18:23:51'),(938,89,'减肥茶','2019-01-12 18:23:51'),(939,89,'酵素','2019-01-12 18:23:51'),(940,89,'左旋肉碱','2019-01-12 18:23:51'),(941,89,'增肌粉','2019-01-12 18:23:51'),(942,89,'安神补脑','2019-01-12 18:23:51'),(943,90,'滋补养生','2019-01-12 18:23:51'),(944,90,'蜂蜜','2019-01-12 18:23:51'),(945,90,'石斛','2019-01-12 18:23:51'),(946,90,'阿胶','2019-01-12 18:23:51'),(947,90,'黑枸杞','2019-01-12 18:23:51'),(948,90,'冬虫夏草','2019-01-12 18:23:51'),(949,90,'青钱柳','2019-01-12 18:23:51'),(950,90,'西洋参','2019-01-12 18:23:51'),(951,90,'人参','2019-01-12 18:23:51'),(952,90,'藏红花','2019-01-12 18:23:51'),(953,90,'蜂胶','2019-01-12 18:23:51'),(954,90,'阿胶糕','2019-01-12 18:23:51'),(955,90,'灵芝','2019-01-12 18:23:51'),(956,90,'孢子粉','2019-01-12 18:23:51'),(957,90,'黄芪','2019-01-12 18:23:51'),(958,90,'阿胶块','2019-01-12 18:23:51'),(959,90,'燕窝','2019-01-12 18:23:51'),(960,90,'铁皮枫斗','2019-01-12 18:23:51'),(961,90,'三七','2019-01-12 18:23:51'),(962,90,'粉蜂王浆','2019-01-12 18:23:51'),(963,90,'雪蛤','2019-01-12 18:23:51'),(964,90,'四物汤','2019-01-12 18:23:51'),(965,90,'山药','2019-01-12 18:23:51'),(966,90,'牛蒡茶','2019-01-12 18:23:51'),(967,90,'虫草','2019-01-12 18:23:51'),(968,90,'当归','2019-01-12 18:23:51'),(969,90,'鹿茸','2019-01-12 18:23:51'),(970,90,'固元膏','2019-01-12 18:23:51'),(971,91,'感冒咳嗽','2019-01-12 18:23:51'),(972,91,'腰腿疼痛','2019-01-12 18:23:51'),(973,91,'妇科用药','2019-01-12 18:23:51'),(974,91,'男科用药','2019-01-12 18:23:51'),(975,91,'体检套餐','2019-01-12 18:23:51'),(976,91,'血糖仪','2019-01-12 18:23:51'),(977,91,'保健理疗','2019-01-12 18:23:51'),(978,91,'针灸拔罐','2019-01-12 18:23:51'),(979,92,'制氧机','2019-01-12 18:23:51'),(980,92,'体温计','2019-01-12 18:23:51'),(981,92,'轮椅胎','2019-01-12 18:23:51'),(982,92,'心仪理疗仪','2019-01-12 18:23:51'),(983,92,'助听器','2019-01-12 18:23:51'),(984,92,'雾化器','2019-01-12 18:23:51'),(985,92,'呼吸机','2019-01-12 18:23:51'),(986,92,'拔罐器','2019-01-12 18:23:51'),(987,92,'口罩','2019-01-12 18:23:51'),(988,92,'血压计','2019-01-12 18:23:51'),(989,92,'创口贴','2019-01-12 18:23:51'),(990,92,'护具','2019-01-12 18:23:51'),(991,92,'导尿袋','2019-01-12 18:23:51'),(992,92,'血糖仪','2019-01-12 18:23:51'),(993,92,'针灸用品','2019-01-12 18:23:51'),(994,92,'护理床','2019-01-12 18:23:51'),(995,92,'褥疮垫','2019-01-12 18:23:51'),(996,92,'家用器械','2019-01-12 18:23:51'),(997,92,'按摩器材','2019-01-12 18:23:51'),(998,92,'吸痰器','2019-01-12 18:23:51'),(999,92,'座便椅','2019-01-12 18:23:51'),(1000,92,'血氧仪','2019-01-12 18:23:51'),(1001,92,'颈椎治疗仪','2019-01-12 18:23:51'),(1002,92,'刮痧','2019-01-12 18:23:51'),(1003,92,'洗鼻器','2019-01-12 18:23:51'),(1004,93,'强生美瞳','2019-01-12 18:23:51'),(1005,93,'博士伦','2019-01-12 18:23:51'),(1006,93,'海昌','2019-01-12 18:23:51'),(1007,93,'海俪恩','2019-01-12 18:23:51'),(1008,93,'卫康','2019-01-12 18:23:51'),(1009,93,'爱尔康','2019-01-12 18:23:51'),(1010,93,'视康','2019-01-12 18:23:51'),(1011,93,'实瞳','2019-01-12 18:23:51'),(1012,94,'杯具套装','2019-01-12 18:24:20'),(1013,94,'保温杯','2019-01-12 18:24:20'),(1014,94,'水杯','2019-01-12 18:24:20'),(1015,94,'保温壶','2019-01-12 18:24:20'),(1016,94,'玻璃杯','2019-01-12 18:24:20'),(1017,94,'陶瓷杯','2019-01-12 18:24:20'),(1018,94,'茶杯','2019-01-12 18:24:20'),(1019,94,'咖啡杯','2019-01-12 18:24:20'),(1020,94,'马克杯','2019-01-12 18:24:20'),(1021,94,'红酒杯','2019-01-12 18:24:20'),(1022,94,'水具套装','2019-01-12 18:24:20'),(1023,94,'酒具','2019-01-12 18:24:20'),(1024,94,'咖啡具','2019-01-12 18:24:20'),(1025,94,'餐具','2019-01-12 18:24:20'),(1026,94,'瓷器','2019-01-12 18:24:20'),(1027,94,'餐具套装','2019-01-12 18:24:20'),(1028,94,'碗碟套装','2019-01-12 18:24:20'),(1029,94,'叉勺筷套装','2019-01-12 18:24:20'),(1030,94,'碗筷子','2019-01-12 18:24:20'),(1031,94,'茶具套装','2019-01-12 18:24:20'),(1032,94,'保温饭盒','2019-01-12 18:24:20'),(1033,94,'保鲜盒','2019-01-12 18:24:20'),(1034,94,'一次性用品','2019-01-12 18:24:20'),(1035,95,'全球家居','2019-01-12 18:24:20'),(1036,95,'雨伞','2019-01-12 18:24:20'),(1037,95,'太阳伞','2019-01-12 18:24:20'),(1038,95,'雨衣','2019-01-12 18:24:20'),(1039,95,'口罩','2019-01-12 18:24:20'),(1040,95,'挂钟','2019-01-12 18:24:20'),(1041,95,'家用梯缝纫机','2019-01-12 18:24:20'),(1042,95,'活性炭','2019-01-12 18:24:20'),(1043,95,'创意礼品','2019-01-12 18:24:20'),(1044,95,'婚庆用品','2019-01-12 18:24:20'),(1045,95,'生日礼物','2019-01-12 18:24:20'),(1046,95,'相册','2019-01-12 18:24:20'),(1047,95,'劳保用品','2019-01-12 18:24:20'),(1048,95,'驱虫','2019-01-12 18:24:20'),(1049,96,'软包抽纸','2019-01-12 18:24:20'),(1050,96,'卷筒纸','2019-01-12 18:24:20'),(1051,96,'手帕纸','2019-01-12 18:24:20'),(1052,96,'厨房用纸','2019-01-12 18:24:20'),(1053,96,'湿厕纸','2019-01-12 18:24:20'),(1054,96,'湿巾纸','2019-01-12 18:24:20'),(1055,96,'洗衣液','2019-01-12 18:24:20'),(1056,96,'衣物除菌液','2019-01-12 18:24:20'),(1057,96,'消毒液','2019-01-12 18:24:20'),(1058,96,'洗洁精','2019-01-12 18:24:20'),(1059,96,'油污净','2019-01-12 18:24:20'),(1060,96,'洁厕剂','2019-01-12 18:24:20'),(1061,96,'地板清洁','2019-01-12 18:24:20'),(1062,96,'管道疏通','2019-01-12 18:24:20'),(1063,96,'家私清洁','2019-01-12 18:24:20'),(1064,96,'玻璃清洁','2019-01-12 18:24:20'),(1065,96,'驱蚊驱虫','2019-01-12 18:24:20'),(1066,96,'除湿防潮','2019-01-12 18:24:20'),(1067,96,'驱蚊驱虫','2019-01-12 18:24:20'),(1068,96,'除甲醛','2019-01-12 18:24:20'),(1069,97,'全球家居宠物','2019-01-12 18:24:20'),(1070,97,'狗粮','2019-01-12 18:24:20'),(1071,97,'猫粮','2019-01-12 18:24:20'),(1072,97,'狗零食','2019-01-12 18:24:20'),(1073,97,'猫零食','2019-01-12 18:24:20'),(1074,97,'窝/笼','2019-01-12 18:24:20'),(1075,97,'宠物服饰','2019-01-12 18:24:20'),(1076,97,'鱼缸','2019-01-12 18:24:20'),(1077,97,'水族世界','2019-01-12 18:24:20'),(1078,97,'牵引带','2019-01-12 18:24:20'),(1079,97,'医疗保健','2019-01-12 18:24:20'),(1080,97,'宠物玩具','2019-01-12 18:24:20'),(1081,97,'猫砂','2019-01-12 18:24:20'),(1082,97,'生活日用','2019-01-12 18:24:20'),(1083,98,'畅销童书','2019-01-12 18:24:49'),(1084,98,'绘本','2019-01-12 18:24:49'),(1085,98,'儿童文学','2019-01-12 18:24:49'),(1086,98,'启蒙认知','2019-01-12 18:24:49'),(1087,98,'益智游戏','2019-01-12 18:24:49'),(1088,98,'幼儿科普','2019-01-12 18:24:49'),(1089,98,'童话书','2019-01-12 18:24:49'),(1090,99,'都市情感','2019-01-12 18:24:49'),(1091,99,'穿越架空','2019-01-12 18:24:49'),(1092,99,'畅销小说','2019-01-12 18:24:49'),(1093,99,'外国文学','2019-01-12 18:24:49'),(1094,99,'科幻小说','2019-01-12 18:24:49'),(1095,99,'影视同期','2019-01-12 18:24:49'),(1096,100,'畅销书','2019-01-12 18:24:49'),(1097,100,'散文随笔','2019-01-12 18:24:49'),(1098,100,'文学','2019-01-12 18:24:49'),(1099,100,'传记','2019-01-12 18:24:49'),(1100,100,'涂色字帖','2019-01-12 18:24:49'),(1101,100,'现当代文学','2019-01-12 18:24:49'),(1102,100,'诺贝尔','2019-01-12 18:24:49'),(1103,100,'色铅笔','2019-01-12 18:24:49'),(1104,101,'烘焙','2019-01-12 18:24:49'),(1105,101,'旅游','2019-01-12 18:24:49'),(1106,101,'菜谱','2019-01-12 18:24:49'),(1107,101,'美容/美体','2019-01-12 18:24:49'),(1108,101,'时尚','2019-01-12 18:24:49'),(1109,101,'家居装修','2019-01-12 18:24:49'),(1110,101,'两性健康','2019-01-12 18:24:49'),(1111,101,'两性减肥','2019-01-12 18:24:49'),(1112,102,'中学教辅','2019-01-12 18:24:49'),(1113,102,'新课标','2019-01-12 18:24:49'),(1114,102,'中小学作文','2019-01-12 18:24:49'),(1115,102,'本科/研究生教材','2019-01-12 18:24:49'),(1116,102,'高职教材','2019-01-12 18:24:49'),(1117,102,'外语学习','2019-01-12 18:24:49'),(1118,103,'管理学','2019-01-12 18:24:49'),(1119,103,'金融与投资','2019-01-12 18:24:49'),(1120,103,'励志','2019-01-12 18:24:49'),(1121,103,'投资与理财','2019-01-12 18:24:49'),(1122,103,'金融学','2019-01-12 18:24:49'),(1123,103,'股市','2019-01-12 18:24:49'),(1124,103,'女性励志','2019-01-12 18:24:49'),(1125,103,'营销','2019-01-12 18:24:49'),(1126,104,'乐器','2019-01-12 18:24:49'),(1127,104,'钢琴','2019-01-12 18:24:49'),(1128,104,'智能钢琴','2019-01-12 18:24:49'),(1129,104,'数码钢琴','2019-01-12 18:24:49'),(1130,104,'电子琴','2019-01-12 18:24:49'),(1131,104,'吉他','2019-01-12 18:24:49'),(1132,104,'尤克里里','2019-01-12 18:24:49'),(1133,104,'古筝','2019-01-12 18:24:49'),(1134,104,'萨克斯风','2019-01-12 18:24:49'),(1135,104,'小提琴','2019-01-12 18:24:49'),(1136,104,'儿童乐器','2019-01-12 18:24:49'),(1137,104,'口琴','2019-01-12 18:24:49'),(1138,104,'电吉他','2019-01-12 18:24:49'),(1139,104,'民谣吉他','2019-01-12 18:24:49');
/*!40000 ALTER TABLE `tb_detailType` ENABLE KEYS */;
UNLOCK TABLES;

--
-- Table structure for table `tb_goodDetail`
--

DROP TABLE IF EXISTS `tb_goodDetail`;
/*!40101 SET @saved_cs_client     = @@character_set_client */;
 SET character_set_client = utf8mb4 ;
CREATE TABLE `tb_goodDetail` (
  `_id` int(11) NOT NULL AUTO_INCREMENT,
  `goodId` int(11) NOT NULL,
  `amount` int(11) NOT NULL,
  `state` bit(1) NOT NULL DEFAULT b'0',
  `price` double NOT NULL,
  `indexx` tinyint(4) NOT NULL,
  `creaTime` datetime NOT NULL DEFAULT CURRENT_TIMESTAMP,
  `isDisable` bit(1) DEFAULT b'0',
  PRIMARY KEY (`_id`)
) ENGINE=InnoDB AUTO_INCREMENT=16 DEFAULT CHARSET=utf8mb4 COLLATE=utf8mb4_0900_ai_ci;
/*!40101 SET character_set_client = @saved_cs_client */;

--
-- Dumping data for table `tb_goodDetail`
--

LOCK TABLES `tb_goodDetail` WRITE;
/*!40000 ALTER TABLE `tb_goodDetail` DISABLE KEYS */;
INSERT INTO `tb_goodDetail` VALUES (1,7,88,_binary '\0',10999,1,'2019-02-15 21:48:07',_binary '\0'),(2,7,12,_binary '\0',11699,2,'2019-02-15 21:48:07',_binary '\0'),(3,7,34,_binary '\0',12199,3,'2019-02-15 21:48:07',_binary '\0'),(4,7,24,_binary '\0',10999,4,'2019-02-15 21:48:07',_binary '\0'),(5,7,46,_binary '\0',11699,5,'2019-02-15 21:48:07',_binary '\0'),(6,7,12,_binary '\0',12199,6,'2019-02-15 21:48:07',_binary '\0'),(7,8,60,_binary '\0',25999,1,'2019-02-15 22:40:32',_binary '\0'),(8,8,46,_binary '\0',22999,2,'2019-02-15 22:40:32',_binary '\0'),(9,8,23,_binary '\0',10999,3,'2019-02-15 22:40:32',_binary '\0'),(10,9,6,_binary '\0',7299,1,'2019-02-15 23:16:54',_binary '\0'),(11,9,12,_binary '\0',7699,2,'2019-02-15 23:16:54',_binary '\0'),(12,9,9,_binary '\0',8699,3,'2019-02-15 23:16:54',_binary '\0'),(13,9,13,_binary '\0',9299,4,'2019-02-15 23:16:54',_binary '\0'),(14,9,13,_binary '\0',9899,5,'2019-02-15 23:16:54',_binary '\0'),(15,9,11,_binary '\0',10199,6,'2019-02-15 23:16:54',_binary '\0');
/*!40000 ALTER TABLE `tb_goodDetail` ENABLE KEYS */;
UNLOCK TABLES;

--
-- Table structure for table `tb_goodPicture`
--

DROP TABLE IF EXISTS `tb_goodPicture`;
/*!40101 SET @saved_cs_client     = @@character_set_client */;
 SET character_set_client = utf8mb4 ;
CREATE TABLE `tb_goodPicture` (
  `goodId` int(11) NOT NULL,
  `link` varchar(50) NOT NULL,
  `pindex` int(11) NOT NULL
) ENGINE=InnoDB DEFAULT CHARSET=utf8;
/*!40101 SET character_set_client = @saved_cs_client */;

--
-- Dumping data for table `tb_goodPicture`
--

LOCK TABLES `tb_goodPicture` WRITE;
/*!40000 ALTER TABLE `tb_goodPicture` DISABLE KEYS */;
INSERT INTO `tb_goodPicture` VALUES (7,'O1CN01oWYdbg1iLPbMDDvwx_!!2656954396.jpg',1),(7,'O1CN018ddt7c1iLPbOzaQnn_!!2656954396.jpg',2),(7,'O1CN01Yziugt1iLPbAZADyc_!!2656954396.jpg',3),(7,'O1CN01grX2jp1iLPZsxAdW2_!!2656954396.jpg',4),(7,'O1CN011iLPYpa8XL2AqHL_!!2656954396.jpg',5),(7,'O1CN011iLPZsiIkRprUpo_!!2656954396.jpg',6),(7,'O1CN011iLPYjWoWccXnSK_!!2656954396.jpg',7),(7,'O1CN011iLPa1VBgwymagI_!!2656954396.jpg',8),(7,'O1CN01GAucBA1iLPZqM7bC6_!!2656954396.jpg',9),(7,'O1CN011iLPZqvWIDU2QSv_!!2656954396.jpg',10),(7,'TB2Bj0mfZyYBuNkSnfoXXcWgVXa_!!2656954396.jpg',11),(7,'TB2e1Y_omBYBeNjy0FeXXbnmFXa_!!2656954396.jpg',12),(8,'O1CN01MvqDRA1PbvB7Pclzn_!!255921860.jpg',1),(8,'O1CN01kTt5Bt1PbvBBWzQKj_!!255921860.jpg',2),(8,'O1CN01mECKv01PbvBAdUN2N_!!255921860.jpg',3),(8,'O1CN01aBtlGt1PbvB9zM5fn_!!255921860.jpg',4),(8,'O1CN01TMgyOv1PbvB378dxu_!!255921860.jpg',5),(8,'O1CN01lca2Ir1PbvB9YwDvA_!!255921860.jpg',6),(8,'O1CN01IIFSC11PbvBBl0Cpc_!!255921860.jpg',7),(8,'O1CN01JiKlc91PbvB8CrclQ_!!255921860.jpg',8),(8,'O1CN01qovwLk1PbvB9Z0NlI_!!255921860.jpg',9),(8,'O1CN01rZKHMI1PbvBBCupLj_!!255921860.jpg',10),(8,'O1CN01zXhTJW1PbvB8CthfF_!!255921860.jpg',11),(8,'TB2ws56dTcCL1FjSZFPXXXZgpXa_!!255921860.jpg',12),(9,'O1CN01r6tMUo1iLPbID80cn_!!2656954396.jpg',1),(9,'O1CN011iPYY71iLPbHZdKz4_!!2656954396.jpg',2),(9,'O1CN01D5fEwe1iLPb73sXSe_!!2656954396.jpg',3),(9,'O1CN015FSq781iLPaKu1mhy_!!2656954396.jpg',4),(9,'O1CN01fM8Yxi1iLPa7xNStv_!!2656954396.jpg',5),(9,'O1CN011iLPYuFUZn2el7B_!!2656954396.jpg',6),(9,'O1CN011iLPYvagmfOwGLv_!!2656954396.jpg',7),(9,'O1CN011iLPZqMFO1gzoy8_!!2656954396.jpg',8),(9,'O1CN011iLPYvmuY87xCmg_!!2656954396.jpg',9),(9,'O1CN011iLPYwKE1NQCXF3_!!2656954396.jpg',10),(9,'O1CN011iLPYvxRNTTUkAZ_!!2656954396.jpg',11),(9,'O1CN011iLPYuh31JgV0Z0_!!2656954396.jpg',12),(9,'O1CN011iLPYwWsclAN8RW_!!2656954396.jpg',13),(9,'O1CN011iLPYvJi8OEox7p_!!2656954396.jpg',14),(9,'O1CN011iLPYuFUF6NLPMs_!!2656954396.jpg',15),(9,'O1CN011iLPZx0JCYnFceu_!!2656954396.jpg',16),(9,'O1CN011iLPYuzSyndkf7h_!!2656954396.jpg',17),(9,'O1CN011iLPYtUgcM8HlqO_!!2656954396.jpg',18),(9,'TB1.CUdsY9YBuNjy0FgXXcxcXXa-1572-394.jpg',19);
/*!40000 ALTER TABLE `tb_goodPicture` ENABLE KEYS */;
UNLOCK TABLES;

--
-- Table structure for table `tb_goodSpecConfig`
--

DROP TABLE IF EXISTS `tb_goodSpecConfig`;
/*!40101 SET @saved_cs_client     = @@character_set_client */;
 SET character_set_client = utf8mb4 ;
CREATE TABLE `tb_goodSpecConfig` (
  `goodId` int(11) NOT NULL,
  `detailIndex` tinyint(4) NOT NULL,
  `specNameIndex` tinyint(4) NOT NULL,
  `specValueIndex` tinyint(4) NOT NULL
) ENGINE=InnoDB DEFAULT CHARSET=utf8mb4 COLLATE=utf8mb4_0900_ai_ci;
/*!40101 SET character_set_client = @saved_cs_client */;

--
-- Dumping data for table `tb_goodSpecConfig`
--

LOCK TABLES `tb_goodSpecConfig` WRITE;
/*!40000 ALTER TABLE `tb_goodSpecConfig` DISABLE KEYS */;
INSERT INTO `tb_goodSpecConfig` VALUES (7,1,1,1),(7,1,2,3),(7,2,1,1),(7,2,2,4),(7,3,1,1),(7,3,2,5),(7,4,1,2),(7,4,2,3),(7,5,1,2),(7,5,2,4),(7,6,1,2),(7,6,2,5),(8,1,1,1),(8,1,2,2),(8,2,1,1),(8,2,2,3),(8,3,1,1),(8,3,2,4),(9,5,1,1),(9,1,2,2),(9,2,1,1),(9,2,2,3),(9,3,1,1),(9,3,2,4),(9,4,1,1),(9,4,2,5),(9,6,1,1),(9,5,2,6),(9,1,1,1),(9,6,2,7);
/*!40000 ALTER TABLE `tb_goodSpecConfig` ENABLE KEYS */;
UNLOCK TABLES;

--
-- Table structure for table `tb_goods`
--

DROP TABLE IF EXISTS `tb_goods`;
/*!40101 SET @saved_cs_client     = @@character_set_client */;
 SET character_set_client = utf8mb4 ;
CREATE TABLE `tb_goods` (
  `_id` int(11) NOT NULL AUTO_INCREMENT,
  `bigId` int(11) DEFAULT NULL,
  `smaillId` int(11) DEFAULT NULL,
  `storeId` int(11) DEFAULT NULL,
  `goodName` varchar(200) NOT NULL,
  `goodFrom` varchar(200) DEFAULT NULL,
  `nowPrice` double NOT NULL,
  `number` int(11) NOT NULL DEFAULT '0',
  `state` bit(1) NOT NULL DEFAULT b'0',
  `checkstate` int(11) NOT NULL DEFAULT '0',
  `cause` mediumtext,
  `creaTime` datetime NOT NULL DEFAULT CURRENT_TIMESTAMP,
  `detailId` int(11) DEFAULT NULL COMMENT '引用详细类别表外键',
  `logo` varchar(50) DEFAULT 'default.jpg',
  `goodno` varchar(20) DEFAULT NULL,
  PRIMARY KEY (`_id`)
) ENGINE=InnoDB AUTO_INCREMENT=10 DEFAULT CHARSET=utf8;
/*!40101 SET character_set_client = @saved_cs_client */;

--
-- Dumping data for table `tb_goods`
--

LOCK TABLES `tb_goods` WRITE;
/*!40000 ALTER TABLE `tb_goods` DISABLE KEYS */;
INSERT INTO `tb_goods` VALUES (2,6,42,1,'2018新款 Apple/苹果 MacBook Pro 13.3英寸四核i5 512GB轻薄便携笔记本电脑 支持Touch Bar','china',13888,0,_binary '\0',1,NULL,'2019-02-15 16:13:42',385,'default.jpg',NULL),(3,6,42,1,'Asus/华硕 灵耀S2代S4300FN轻薄便携商务办公游戏笔记本电脑8代i5超薄全面屏14英寸男女学生手提超极本2018款','china',13888,0,_binary '\0',1,NULL,'2019-02-15 16:19:28',385,'default.jpg',NULL),(4,6,42,1,'外星人alienware17R5 17.3英寸八代六核i7-8750H GTX1060独显吃鸡游戏笔记本电脑ALW17C-3738戴尔','china',12499,0,_binary '\0',1,NULL,'2019-02-15 16:19:28',390,'default.jpg',NULL),(5,6,42,1,'Hasee/神舟 战神Z7-KP7GC/SC 八代i7吃鸡GTX1060 6G独显15.6英寸IPS固态硬盘8G内存学生手提游戏本笔记本电脑','china',7199,0,_binary '\0',1,NULL,'2019-02-15 16:19:28',390,'default.jpg',NULL),(6,6,42,1,'Lenovo/联想 拯救者 Y7000 15.6英寸游戏本笔记本电脑 i5轻薄独显','china',5499,0,_binary '\0',1,NULL,'2019-02-15 16:19:28',390,'default.jpg',NULL),(7,6,42,1,'Dell/戴尔 G7 i7独显7588高配电竞游匣8代六核i7标压GTX1060 6G独显G5学生吃鸡G3笔记本电脑15.6英寸游戏本','china',12899,0,_binary '\0',1,NULL,'2019-02-15 17:03:07',390,'TB1n26eXlgXBuNjt_hNdquEiFXa_052200.jpg',NULL),(8,6,42,1,'Hasee/神舟 战神GX10/GX9 九代i9-9900K吃鸡RTX2080独显17.3英寸144Hz学生固态手提笔记本电脑电竞游戏本','china',10999,0,_binary '\0',1,NULL,'2019-02-15 22:22:29',390,'TB1lnEQpxTpK1RjSZFKIZq2wXXa_093944.jpg',NULL),(9,6,42,1,'XPS15 8代 Dell/戴尔 XPS15 9560 9570 XPS13-9360 八代超极本超薄游戏办公商务便携笔记本电脑微边框','china',10999,0,_binary '\0',1,NULL,'2019-02-15 22:57:11',390,'TB1zgK4wk9WBuNjSspeww5z5VXa_050444.jpg',NULL);
/*!40000 ALTER TABLE `tb_goods` ENABLE KEYS */;
UNLOCK TABLES;

--
-- Table structure for table `tb_goodsmaillPicture`
--

DROP TABLE IF EXISTS `tb_goodsmaillPicture`;
/*!40101 SET @saved_cs_client     = @@character_set_client */;
 SET character_set_client = utf8mb4 ;
CREATE TABLE `tb_goodsmaillPicture` (
  `goodId` int(11) NOT NULL,
  `link` varchar(50) NOT NULL,
  `pindex` int(11) NOT NULL
) ENGINE=InnoDB DEFAULT CHARSET=utf8;
/*!40101 SET character_set_client = @saved_cs_client */;

--
-- Dumping data for table `tb_goodsmaillPicture`
--

LOCK TABLES `tb_goodsmaillPicture` WRITE;
/*!40000 ALTER TABLE `tb_goodsmaillPicture` DISABLE KEYS */;
INSERT INTO `tb_goodsmaillPicture` VALUES (7,'O1CN01Gkwa0d1iLPbIgIVIQ_!!2656954396.jpg',1),(7,'O1CN011iLPZTCGKRA6U08_!!2656954396.jpg',2),(7,'O1CN011iLPZPhWzKtumPP_!!2656954396.jpg',3),(7,'O1CN01rkdeul1iLPaqOzvVn_!!2656954396.jpg',4),(7,'O1CN011iLPZLLNlO4qy0g_!!2656954396.jpg',5),(8,'O1CN01SmI9t41PbvBDJjXja_!!255921860.jpg',1),(8,'O1CN01Bg2E0l1PbvBBsQcGa_!!255921860.jpg',2),(8,'O1CN01Bg2E0l1PbvBBsQcGa_!!255921860.jpg',3),(8,'O1CN01i3qsXU1PbvBDJj8nC_!!255921860.jpg',4),(9,'O1CN01kdYySQ1iLPbMQBoYT_!!0-item_pic.jpg',1),(9,'O1CN01ySOj8x1iLPZsnxMAz_!!2656954396.jpg',2),(9,'O1CN011iLPZRn1JoSdaJS_!!2656954396.jpg',3),(9,'O1CN01nooSfC1iLPaD98Cls_!!2656954396.jpg',4),(9,'TB255VjilDH8KJjSspnXXbNAVXa_!!2656954396.jpg',5);
/*!40000 ALTER TABLE `tb_goodsmaillPicture` ENABLE KEYS */;
UNLOCK TABLES;

--
-- Table structure for table `tb_manager`
--

DROP TABLE IF EXISTS `tb_manager`;
/*!40101 SET @saved_cs_client     = @@character_set_client */;
 SET character_set_client = utf8mb4 ;
CREATE TABLE `tb_manager` (
  `_id` int(11) NOT NULL AUTO_INCREMENT,
  `account` varchar(50) NOT NULL,
  `password` varchar(80) NOT NULL,
  `name` varchar(20) NOT NULL,
  `overman` bit(1) NOT NULL DEFAULT b'0',
  `creaAccount` varchar(50) NOT NULL,
  `creaTime` datetime NOT NULL DEFAULT CURRENT_TIMESTAMP,
  PRIMARY KEY (`_id`),
  UNIQUE KEY `account` (`account`)
) ENGINE=InnoDB AUTO_INCREMENT=4 DEFAULT CHARSET=utf8mb4 COLLATE=utf8mb4_0900_ai_ci;
/*!40101 SET character_set_client = @saved_cs_client */;

--
-- Dumping data for table `tb_manager`
--

LOCK TABLES `tb_manager` WRITE;
/*!40000 ALTER TABLE `tb_manager` DISABLE KEYS */;
INSERT INTO `tb_manager` VALUES (1,'飘到失联','$2a$10$MdH5f5eswbBWotTLrPK6oO8aPf.mVDccuCe7BP7Z28zGfz0CwfwyO','李文凯',_binary '','天生的','2019-01-18 13:28:06'),(2,'阿萨姆','$2a$10$NRILaDMp88teenbobDkHc.pcA2KD17O4eIuepFs8jeuMCBZ7XCYLG','喜马拉雅',_binary '','飘到失联','2019-01-18 13:48:16'),(3,'春华','$2a$10$ykHLoTKYdIfIOPGAJJP/H.qDXbLfqQmVMZhmE8aTo9ukIetrp20cS','秋黄',_binary '','飘到失联','2019-01-18 13:52:44');
/*!40000 ALTER TABLE `tb_manager` ENABLE KEYS */;
UNLOCK TABLES;

--
-- Table structure for table `tb_member`
--

DROP TABLE IF EXISTS `tb_member`;
/*!40101 SET @saved_cs_client     = @@character_set_client */;
 SET character_set_client = utf8mb4 ;
CREATE TABLE `tb_member` (
  `_id` int(11) NOT NULL AUTO_INCREMENT,
  `nickname` varchar(20) NOT NULL,
  `password` varchar(80) NOT NULL,
  `phone` varchar(13) NOT NULL,
  `property` double NOT NULL DEFAULT '0',
  `integral` int(11) NOT NULL DEFAULT '0',
  `reallyName` varchar(10) DEFAULT NULL,
  `idCard` varchar(18) DEFAULT NULL,
  `gender` tinyint(4) DEFAULT '3',
  `email` varchar(50) DEFAULT NULL,
  `avatar` varchar(50) DEFAULT 'avatar/default.jpg',
  `birth` datetime DEFAULT NULL,
  `entryDate` datetime NOT NULL DEFAULT CURRENT_TIMESTAMP,
  `lastLogin` datetime DEFAULT NULL,
  `isOnline` bit(1) NOT NULL DEFAULT b'0',
  `isBusiness` bit(1) NOT NULL DEFAULT b'0',
  PRIMARY KEY (`_id`),
  UNIQUE KEY `nickname` (`nickname`),
  UNIQUE KEY `phone` (`phone`)
) ENGINE=InnoDB AUTO_INCREMENT=9 DEFAULT CHARSET=utf8;
/*!40101 SET character_set_client = @saved_cs_client */;

--
-- Dumping data for table `tb_member`
--

LOCK TABLES `tb_member` WRITE;
/*!40000 ALTER TABLE `tb_member` DISABLE KEYS */;
INSERT INTO `tb_member` VALUES (1,'春宵艳阳天','$2a$10$MdH5f5eswbBWotTLrPK6oO8aPf.mVDccuCe7BP7Z28zGfz0CwfwyO','13888888888',0,0,NULL,NULL,3,NULL,'avatar/default.jpg',NULL,'2019-01-12 20:16:52',NULL,_binary '\0',_binary '\0'),(2,'踏遍三江六案','$2a$10$8/w/p1pI3Gk9GIRa0ERAwedmS85MSz8HPXDpHIAk1rCYPSj8u3RFW','13811111111',0,0,NULL,NULL,3,NULL,'avatar/default.jpg',NULL,'2019-01-12 20:30:37',NULL,_binary '\0',_binary '\0'),(3,'大宝剑','$2a$10$4P8eVgsk5ebSHRuOBl0MRe5n7PKFkVQDkSkbesH1oC6CrtdltmO3S','17888888888',0,0,NULL,NULL,3,NULL,'avatar/default.jpg',NULL,'2019-01-18 17:34:22',NULL,_binary '\0',_binary '\0'),(4,'天空','$2a$10$EuaXsHNna29WnkAWMYWAM.SUxRtewJh9GnvN7Ynii5i8qmYoe45Be','13822222222',0,0,NULL,NULL,3,NULL,'avatar/default.jpg',NULL,'2019-01-21 13:50:01',NULL,_binary '\0',_binary '\0'),(5,'德玛西亚','$2a$10$ERCayzbDTJoxWlCPp5ePZ.ZvWTbEQHZwPZQPFs1Ll8tV4Iop/97YG','13833333333',0,0,NULL,NULL,3,NULL,'avatar/default.jpg',NULL,'2019-01-21 14:04:16',NULL,_binary '\0',_binary '\0'),(6,'无尽的黑夜','$2a$10$8wCRkxK0txgu2N1BsCg31OMDvp7MjX8Qxua3fgy6mqcdsKJ8R/f4G','13844444444',0,0,NULL,NULL,3,NULL,'avatar/default.jpg',NULL,'2019-01-21 14:07:18',NULL,_binary '\0',_binary '\0'),(7,'我就试试','$2a$10$TX9SiF3741G1Q2sjdcHwRecJpd39P0zsH60VZTqqzUBHKVjDzEPUy','19950229346',0,0,NULL,NULL,3,NULL,'avatar/default.jpg',NULL,'2019-01-22 10:01:21',NULL,_binary '\0',_binary '\0'),(8,'季节','$2a$10$opYA1p3ue78a5eqy6aVkCeweGvKWG9rHwAe2Es8kc2rEetN.b5FUK','17882451908',0,0,NULL,NULL,3,NULL,'avatar/default.jpg',NULL,'2019-02-14 11:14:55',NULL,_binary '\0',_binary '\0');
/*!40000 ALTER TABLE `tb_member` ENABLE KEYS */;
UNLOCK TABLES;

--
-- Table structure for table `tb_order`
--

DROP TABLE IF EXISTS `tb_order`;
/*!40101 SET @saved_cs_client     = @@character_set_client */;
 SET character_set_client = utf8mb4 ;
CREATE TABLE `tb_order` (
  `_id` int(11) NOT NULL AUTO_INCREMENT,
  `orderno` char(16) NOT NULL,
  `mname` varchar(40) NOT NULL,
  `reallyName` varchar(20) NOT NULL,
  `address` varchar(50) NOT NULL,
  `tel` varchar(18) NOT NULL,
  `sumPrice` double NOT NULL,
  `minusPrice` double NOT NULL DEFAULT '0',
  `post` varchar(50) NOT NULL,
  `remark` mediumtext,
  `isPay` bit(1) NOT NULL DEFAULT b'0',
  `isSend` bit(1) NOT NULL DEFAULT b'0',
  `isSign` bit(1) NOT NULL DEFAULT b'0',
  `signTime` datetime DEFAULT NULL,
  `isComment` bit(1) NOT NULL DEFAULT b'0',
  `mid` int(11) NOT NULL,
  `shop_id` varchar(11) NOT NULL,
  PRIMARY KEY (`_id`)
) ENGINE=InnoDB DEFAULT CHARSET=utf8;
/*!40101 SET character_set_client = @saved_cs_client */;

--
-- Dumping data for table `tb_order`
--

LOCK TABLES `tb_order` WRITE;
/*!40000 ALTER TABLE `tb_order` DISABLE KEYS */;
/*!40000 ALTER TABLE `tb_order` ENABLE KEYS */;
UNLOCK TABLES;

--
-- Table structure for table `tb_orderDetail`
--

DROP TABLE IF EXISTS `tb_orderDetail`;
/*!40101 SET @saved_cs_client     = @@character_set_client */;
 SET character_set_client = utf8mb4 ;
CREATE TABLE `tb_orderDetail` (
  `_id` int(11) NOT NULL AUTO_INCREMENT,
  `orderno` char(16) NOT NULL,
  `goodId` int(11) NOT NULL,
  `price` double NOT NULL,
  `number` int(11) NOT NULL,
  `creaTime` datetime NOT NULL DEFAULT CURRENT_TIMESTAMP,
  PRIMARY KEY (`_id`)
) ENGINE=InnoDB DEFAULT CHARSET=utf8;
/*!40101 SET character_set_client = @saved_cs_client */;

--
-- Dumping data for table `tb_orderDetail`
--

LOCK TABLES `tb_orderDetail` WRITE;
/*!40000 ALTER TABLE `tb_orderDetail` DISABLE KEYS */;
/*!40000 ALTER TABLE `tb_orderDetail` ENABLE KEYS */;
UNLOCK TABLES;

--
-- Table structure for table `tb_quitGood`
--

DROP TABLE IF EXISTS `tb_quitGood`;
/*!40101 SET @saved_cs_client     = @@character_set_client */;
 SET character_set_client = utf8mb4 ;
CREATE TABLE `tb_quitGood` (
  `_id` int(11) NOT NULL AUTO_INCREMENT,
  `goodDetailId` int(11) NOT NULL,
  `price` double NOT NULL DEFAULT '0',
  `isQuit` bit(1) NOT NULL DEFAULT b'0',
  `quitTime` datetime DEFAULT NULL,
  `creaTime` datetime NOT NULL DEFAULT CURRENT_TIMESTAMP,
  PRIMARY KEY (`_id`)
) ENGINE=InnoDB DEFAULT CHARSET=utf8;
/*!40101 SET character_set_client = @saved_cs_client */;

--
-- Dumping data for table `tb_quitGood`
--

LOCK TABLES `tb_quitGood` WRITE;
/*!40000 ALTER TABLE `tb_quitGood` DISABLE KEYS */;
/*!40000 ALTER TABLE `tb_quitGood` ENABLE KEYS */;
UNLOCK TABLES;

--
-- Table structure for table `tb_shopCat`
--

DROP TABLE IF EXISTS `tb_shopCat`;
/*!40101 SET @saved_cs_client     = @@character_set_client */;
 SET character_set_client = utf8mb4 ;
CREATE TABLE `tb_shopCat` (
  `_id` int(11) NOT NULL AUTO_INCREMENT,
  `mid` int(11) NOT NULL,
  `goodDetailId` int(11) NOT NULL,
  `amount` int(11) NOT NULL DEFAULT '1',
  `creaTime` datetime NOT NULL DEFAULT CURRENT_TIMESTAMP,
  PRIMARY KEY (`_id`)
) ENGINE=InnoDB DEFAULT CHARSET=utf8;
/*!40101 SET character_set_client = @saved_cs_client */;

--
-- Dumping data for table `tb_shopCat`
--

LOCK TABLES `tb_shopCat` WRITE;
/*!40000 ALTER TABLE `tb_shopCat` DISABLE KEYS */;
/*!40000 ALTER TABLE `tb_shopCat` ENABLE KEYS */;
UNLOCK TABLES;

--
-- Table structure for table `tb_smaillType`
--

DROP TABLE IF EXISTS `tb_smaillType`;
/*!40101 SET @saved_cs_client     = @@character_set_client */;
 SET character_set_client = utf8mb4 ;
CREATE TABLE `tb_smaillType` (
  `_id` int(11) NOT NULL AUTO_INCREMENT,
  `bigId` int(11) NOT NULL,
  `smaillName` varchar(50) NOT NULL,
  `creaTime` datetime NOT NULL DEFAULT CURRENT_TIMESTAMP,
  PRIMARY KEY (`_id`)
) ENGINE=InnoDB AUTO_INCREMENT=105 DEFAULT CHARSET=utf8;
/*!40101 SET character_set_client = @saved_cs_client */;

--
-- Dumping data for table `tb_smaillType`
--

LOCK TABLES `tb_smaillType` WRITE;
/*!40000 ALTER TABLE `tb_smaillType` DISABLE KEYS */;
INSERT INTO `tb_smaillType` VALUES (1,1,'当季流行','2019-01-12 18:02:56'),(3,1,'精选上装','2019-01-12 18:03:23'),(6,1,'浪漫裙装','2019-01-12 18:04:19'),(7,1,'女士下装','2019-01-12 18:04:32'),(8,1,'特色女装','2019-01-12 18:04:37'),(9,1,'文胸塑身','2019-01-12 18:04:45'),(10,1,'家居服','2019-01-12 18:04:50'),(11,2,'当季流行','2019-01-12 18:06:52'),(12,2,'运动服','2019-01-12 18:06:52'),(13,2,'户外用品','2019-01-12 18:06:52'),(14,2,'运动用品','2019-01-12 18:06:52'),(15,2,'自行车','2018-12-05 18:06:12'),(21,3,'推荐女鞋','2019-01-12 18:07:56'),(22,3,'潮流男鞋','2019-01-12 18:07:56'),(23,3,'女单鞋','2019-01-11 18:15:18'),(24,3,'特色鞋','2019-01-12 18:15:18'),(25,3,'潮流女包','2019-01-12 18:15:18'),(26,3,'精品男包','2019-01-12 18:15:18'),(27,3,'功能箱包','2019-01-12 18:15:18'),(28,4,'护肤品','2019-01-12 18:16:03'),(29,4,'彩妆','2019-01-12 18:16:03'),(30,4,'男士护肤','2019-01-12 18:16:03'),(31,4,'肤质推选','2019-01-12 18:16:03'),(32,4,'美发护发','2019-01-12 18:16:03'),(33,4,'口腔护理','2019-01-12 18:16:03'),(34,4,'身体女性','2019-01-12 18:16:03'),(35,5,'黄金首饰','2019-01-12 18:16:52'),(36,5,'钻石彩宝','2019-01-12 18:16:52'),(37,5,'珍珠玉翠','2019-01-12 18:16:52'),(38,5,'潮流饰品','2019-01-12 18:16:52'),(39,5,'腕表','2019-01-12 18:16:52'),(40,5,'眼镜','2019-01-12 18:16:52'),(41,6,'特色手机','2019-01-12 18:17:21'),(42,6,'电脑整机','2019-01-12 18:17:21'),(43,6,'智能数码','2019-01-12 18:17:21'),(44,6,'游戏组装','2019-01-12 18:17:21'),(45,6,'硬件存储','2019-01-12 18:17:21'),(46,6,'摄影摄像','2019-01-12 18:17:21'),(47,6,'影音娱乐','2019-01-12 18:17:21'),(48,6,'办公文教','2019-01-12 18:17:21'),(49,7,'童装','2019-01-12 18:17:54'),(50,7,'童鞋','2019-01-12 18:17:54'),(51,7,'喂养','2019-01-12 18:17:54'),(52,7,'玩具','2019-01-12 18:17:54'),(53,7,'天猫动漫','2019-01-12 18:17:54'),(54,7,'奶粉','2019-01-12 18:17:54'),(55,7,'纸尿裤','2019-01-12 18:17:54'),(56,7,'孕产','2019-01-12 18:17:54'),(57,8,'茶叶','2019-01-12 18:18:29'),(58,8,'乳品冲饮','2019-01-12 18:18:29'),(59,8,'粮油速食','2019-01-12 18:18:29'),(60,8,'生鲜水果','2019-01-12 18:18:29'),(61,9,'新鲜蔬菜','2019-01-12 18:19:52'),(62,9,'冰淇淋','2019-01-12 18:19:52'),(63,9,'蛋类','2019-01-12 18:19:52'),(64,9,'肉类','2019-01-12 18:19:52'),(65,9,'海鲜水产','2019-01-12 18:19:52'),(66,9,'新鲜水果','2019-01-12 18:19:52'),(67,9,'精选干货','2019-01-12 18:19:52'),(68,10,'平板电视','2019-01-12 18:20:31'),(69,10,'空调','2019-01-12 18:20:31'),(70,10,'冰箱','2019-01-12 18:20:31'),(71,10,'洗衣机','2019-01-12 18:20:31'),(72,10,'厨房大电','2019-01-12 18:20:31'),(73,10,'热水器','2019-01-12 18:20:31'),(74,10,'中式厨房','2019-01-12 18:20:31'),(75,10,'西式厨房','2019-01-12 18:20:31'),(76,11,'成套家具','2019-01-12 18:21:17'),(77,11,'客厅餐厅','2019-01-12 18:21:17'),(78,11,'卧室家具','2019-01-12 18:21:17'),(79,11,'书房儿童','2019-01-12 18:21:17'),(80,11,'家装主材','2019-01-12 18:21:17'),(81,11,'厨房卫浴','2019-01-12 18:21:17'),(82,11,'灯饰照明','2019-01-12 18:21:17'),(83,12,'整车','2019-01-12 18:21:50'),(84,12,'座垫脚垫','2019-01-12 18:21:50'),(85,13,'床上用品','2019-01-12 18:22:55'),(86,13,'居家布艺','2019-01-12 18:22:55'),(87,13,'家居饰品','2019-01-12 18:22:55'),(88,13,'鲜花绿植','2019-01-12 18:22:55'),(89,14,'保健品','2019-01-12 18:23:28'),(90,14,'滋补品','2019-01-12 18:23:28'),(91,14,'医药','2019-01-12 18:23:28'),(92,14,'医疗器械','2019-01-12 18:23:28'),(93,14,'隐形眼镜','2019-01-12 18:23:28'),(94,15,'餐饮具','2019-01-12 18:24:03'),(95,15,'居家礼品','2019-01-12 18:24:03'),(96,15,'纸品清洁','2019-01-12 18:24:03'),(97,15,'宠物用品','2019-01-12 18:24:03'),(98,16,'儿童读物','2019-01-12 18:24:27'),(99,16,'畅销小说','2019-01-12 18:24:27'),(100,16,'文学文艺','2019-01-12 18:24:27'),(101,16,'社科生活','2019-01-12 18:24:27'),(102,16,'教材教辅','2019-01-12 18:24:27'),(103,16,'经管励志','2019-01-12 18:24:27'),(104,16,'大牌乐器','2019-01-12 18:24:27');
/*!40000 ALTER TABLE `tb_smaillType` ENABLE KEYS */;
UNLOCK TABLES;

--
-- Table structure for table `tb_store`
--

DROP TABLE IF EXISTS `tb_store`;
/*!40101 SET @saved_cs_client     = @@character_set_client */;
 SET character_set_client = utf8mb4 ;
CREATE TABLE `tb_store` (
  `_id` int(11) NOT NULL AUTO_INCREMENT,
  `storeName` varchar(50) NOT NULL,
  `mid` int(11) NOT NULL,
  `nickname` varchar(20) NOT NULL,
  `click` int(11) DEFAULT '0',
  `storeStatus` bit(1) NOT NULL DEFAULT b'0',
  `isAudit` bit(1) NOT NULL DEFAULT b'0',
  `logo` varchar(50) NOT NULL DEFAULT 'default.jpg',
  PRIMARY KEY (`_id`)
) ENGINE=InnoDB AUTO_INCREMENT=3 DEFAULT CHARSET=utf8;
/*!40101 SET character_set_client = @saved_cs_client */;

--
-- Dumping data for table `tb_store`
--

LOCK TABLES `tb_store` WRITE;
/*!40000 ALTER TABLE `tb_store` DISABLE KEYS */;
INSERT INTO `tb_store` VALUES (1,'卖电脑',1,'春宵艳阳天',0,_binary '\0',_binary '\0','default.jpg'),(2,'卖冰箱',2,'踏遍三江六案',0,_binary '',_binary '\0','default.jpg');
/*!40000 ALTER TABLE `tb_store` ENABLE KEYS */;
UNLOCK TABLES;
/*!40103 SET TIME_ZONE=@OLD_TIME_ZONE */;

/*!40101 SET SQL_MODE=@OLD_SQL_MODE */;
/*!40014 SET FOREIGN_KEY_CHECKS=@OLD_FOREIGN_KEY_CHECKS */;
/*!40014 SET UNIQUE_CHECKS=@OLD_UNIQUE_CHECKS */;
/*!40101 SET CHARACTER_SET_CLIENT=@OLD_CHARACTER_SET_CLIENT */;
/*!40101 SET CHARACTER_SET_RESULTS=@OLD_CHARACTER_SET_RESULTS */;
/*!40101 SET COLLATION_CONNECTION=@OLD_COLLATION_CONNECTION */;
/*!40111 SET SQL_NOTES=@OLD_SQL_NOTES */;

-- Dump completed on 2019-02-19  2:35:44
